,tokens,lemma,postag
0,kapatid|NNC,kapatid,NNC
1,Pinapabayaan|VBTR,Pinapabayaan,VBTR
2,simangot|NNC,simangot,NNC
3,Ipagpaumanhin|VBOB,Ipagpaumanhin,VBOB
4,Tumalon|NNP,Tumalon,NNP
5,nagkakaroon|VBTR,nagkakaroon,VBTR
6,pintuan|NNC,pintuan,NNC
7,Naku|NNP,Naku,NNP
8,Tumawa|VBAF,Tumawa,VBAF
9,inang|NNC_CCP,inang,NNC_CCP
10,Ihinagis|VBTS,Ihinagis,VBTS
11,baso|NNC,baso,NNC
12,mapangiti|VBW,mapangiti,VBW
13,mo.|NNCA,mo.,NNCA
14,SIL|NNPA,SIL,NNPA
15,amin|PRSP,amin,PRSP
16,usok|NNC,usok,NNC
17,iisip|FW,iisip,FW
18,Woooooosh|NNP,Woooooosh,NNP
19,naglalaro|VBTR,naglalaro,VBTR
20,kutsara|NNC,kutsara,NNC
21,manananim|VBW,manananim,VBW
22,magbilang|VBAF,magbilang,VBAF
23,Pareho|JJC,Pareho,JJC
24,krayola|NNC,krayola,NNC
25,paligid|NNC,paligid,NNC
26,Nakatira|VBTS,Nakatira,VBTS
27,parin|VBOF,parin,VBOF
28,naglaro|VBTS,naglaro,VBTS
29,bulong|NNC,bulong,NNC
30,bunga|NNC,bunga,NNC
31,Nadala|VBTS,Nadala,VBTS
32,Nanay|NNP,Nanay,NNP
33,Maawa|VBTF,Maawa,VBTF
34,paghinga|NNC,paghinga,NNC
35,Galit|JJD,Galit,JJD
36,bumalik|VBAF,bumalik,VBAF
37,Nagmamadaling|RBD_CCP,Nagmamadaling,RBD_CCP
38,makakatulong|VBTF,makakatulong,VBTF
39,Nilunod|VBTS,Nilunod,VBTS
40,Nagbabasa|VBTR,Nagbabasa,VBTR
41,palagi|RBW,palagi,RBW
42,Ibibigay|VBOF,Ibibigay,VBOF
43,marahan|JJD,marahan,JJD
44,lupain|NNC,lupain,NNC
45,Pa|NNC,Pa,NNC
46,maglaro|VBAF,maglaro,VBAF
47,unahan|CDB,unahan,CDB
48,nakaupo|VBTS,nakaupo,VBTS
49,paglaro|VBW,paglaro,VBW
50,Nanlaki|VBTS,Nanlaki,VBTS
51,Unti|NNP,Unti,NNP
52,balita|NNC,balita,NNC
53,Maraming|PRI_CCP,Maraming,PRI_CCP
54,nakahinga|RBD,nakahinga,RBD
55,naman|RBI,naman,RBI
56,Ramos|NNP,Ramos,NNP
57,pinakawalan|VBOF,pinakawalan,VBOF
58,Kaagad|RBD,Kaagad,RBD
59,sandali|NNC,sandali,NNC
60,kang|PRS_CCP,kang,PRS_CCP
61,nag|PRSP_CCP,nag,PRSP_CCP
62,balyena|NNC,balyena,NNC
63,hanging|NNC_CCP,hanging,NNC_CCP
64,gagawa|VBTF,gagawa,VBTF
65,bilang|CCT,bilang,CCT
66,senyales|NNC,senyales,NNC
67,grado|NNC,grado,NNC
68,ko|PRS,ko,PRS
69,ginagawa|VBTR_VBOF,ginagawa,VBTR_VBOF
70,Sila|PRP,Sila,PRP
71,tanim|NNC,tanim,NNC
72,Tamsi|NNP,Tamsi,NNP
73,Kailangan|VBS,Kailangan,VBS
74,naghabulan|VBTS,naghabulan,VBTS
75,ulap|NNC,ulap,NNC
76,paunahan|VBOF,paunahan,VBOF
77,Ito|PRO,Ito,PRO
78,lagi|RBW,lagi,RBW
79,malaglag|VBW,malaglag,VBW
80,kabila|JJD,kabila,JJD
81,uminom|VBAF,uminom,VBAF
82,ihip|FW,ihip,FW
83,pangkulay|JJD,pangkulay,JJD
84,Kapag|CCR,Kapag,CCR
85,nilang|PRP_CCP,nilang,PRP_CCP
86,kusina|NNC,kusina,NNC
87,Pinapasabay|VBTR,Pinapasabay,VBTR
88,",|PMC",",",PMC
89,tahimik|JJD,tahimik,JJD
90,meryenda|NNC,meryenda,NNC
91,niyog|NNC,niyog,NNC
92,Nakahuli|VBTS,Nakahuli,VBTS
93,kalungkutang|NNC_CCP,kalungkutang,NNC_CCP
94,Sakay|NNP,Sakay,NNP
95,nasagot|VBTS,nasagot,VBTS
96,publishing|FW,publishing,FW
97,nalulunod|VBTR,nalulunod,VBTR
98,Tinawag|VBOF,Tinawag,VBOF
99,plano|NNC,plano,NNC
100,nating|PRP_CCP,nating,PRP_CCP
101,nakasama|VBTS,nakasama,VBTS
102,gaganda|VBTF,gaganda,VBTF
103,kamote|NNC,kamote,NNC
104,baboy|NNC,baboy,NNC
105,Edu|NNP,Edu,NNP
106,sinabihan|VBTS,sinabihan,VBTS
107,nasisiyahan|VBTR,nasisiyahan,VBTR
108,panay|JJD,panay,JJD
109,Pagyayaya|VBW,Pagyayaya,VBW
110,Mga|DTCP,Mga,DTCP
111,Habang|RBW,Habang,RBW
112,.|PMP,.,PMP
113,Ningning|VBTS,Ningning,VBTS
114,sumusunod|VBTR_VBAF,sumusunod,VBTR_VBAF
115,dahan|NNC,dahan,NNC
116,basag|NNC,basag,NNC
117,magsialisan|VBW,magsialisan,VBW
118,matulog|VBW,matulog,VBW
119,kamoteng|NNC,kamoteng,NNC
120,napakakintab|JJCS_JJD,napakakintab,JJCS_JJD
121,nanginginig|VBTR,nanginginig,VBTR
122,kaharian|NNC,kaharian,NNC
123,kayang|RBD_CCP,kayang,RBD_CCP
124,Gugurang|NNP,Gugurang,NNP
125,walang|RBF,walang,RBF
126,umimik|VBAF,umimik,VBAF
127,gumising|FW,gumising,FW
128,nagpunta|VBTS,nagpunta,VBTS
129,animal|FW,animal,FW
130,Parang|CCT,Parang,CCT
131,inyong|PRSP_CCP,inyong,PRSP_CCP
132,nagsisinungaling|VBTR,nagsisinungaling,VBTR
133,insektong|JJD_CCP,insektong,JJD_CCP
134,pinupulot|VBTR,pinupulot,VBTR
135,tanong|NNC,tanong,NNC
136,inutusan|VBOF,inutusan,VBOF
137,Aayusin|VBOF,Aayusin,VBOF
138,paruparo|RBD,paruparo,RBD
139,aalala|NNC,aalala,NNC
140,Naisip|VBTS,Naisip,VBTS
141,lumilipad|VBTR_VBAF,lumilipad,VBTR_VBAF
142,sinuman|PRQ,sinuman,PRQ
143,Nagdiwang|VBTS,Nagdiwang,VBTS
144,pinagtataguan|VBTR_VBRF,pinagtataguan,VBTR_VBRF
145,≡ƒÄö|PMS,≡ƒÄö,PMS
146,rescue|FW,rescue,FW
147,tansan|NNC,tansan,NNC
148,Kanina|RBW,Kanina,RBW
149,malapad|JJD,malapad,JJD
150,nagsilantahan|VBTS,nagsilantahan,VBTS
151,tumawag|VBAF,tumawag,VBAF
152,Hinarap|VBTS,Hinarap,VBTS
153,regalo|NNC,regalo,NNC
154,alis|NNC,alis,NNC
155,matandang|JJD_CCP,matandang,JJD_CCP
156,Manila|NNP,Manila,NNP
157,misa|NNC,misa,NNC
158,ibabaw|JJD,ibabaw,JJD
159,wala|VBN,wala,VBN
160,kabilang|JJD_CCP,kabilang,JJD_CCP
161,tumawa|VBAF,tumawa,VBAF
162,Bentong|RBJ,Bentong,RBJ
163,tinawag|VBOF,tinawag,VBOF
164,akda|NNC,akda,NNC
165,iisa|JJD,iisa,JJD
166,lobo|NNC,lobo,NNC
167,lipad|NNC,lipad,NNC
168,bumuhos|VBAF,bumuhos,VBAF
169,nito|PRO,nito,PRO
170,kina|DTPP,kina,DTPP
171,Mula|RBW,Mula,RBW
172,Tuwing|RBW,Tuwing,RBW
173,Ali|NNP,Ali,NNP
174,Bigla|RBD,Bigla,RBD
175,muna|RBI,muna,RBI
176,maamong|JJD_CCP,maamong,JJD_CCP
177,yan|PRO,yan,PRO
178,magbantay|VBW,magbantay,VBW
179,Ay|NNP,Ay,NNP
180,makagalaw|VBTF,makagalaw,VBTF
181,hinihiling|VBTR,hinihiling,VBTR
182,papelastika|NNC,papelastika,NNC
183,Tandang|NNP,Tandang,NNP
184,Simula|RBW,Simula,RBW
185,magdidilim|VBTF,magdidilim,VBTF
186,makukulay|JJD,makukulay,JJD
187,nakinig|VBTS,nakinig,VBTS
188,Tatawagin|VBTF_VBOF,Tatawagin,VBTF_VBOF
189,sapagkat|CCR,sapagkat,CCR
190,nagdadausdos|VBTR,nagdadausdos,VBTR
191,lugar|NNC,lugar,NNC
192,Sumunod|VBAF,Sumunod,VBAF
193,subalit|CCT,subalit,CCT
194,nangangailangan|VBTR,nangangailangan,VBTR
195,naipit|VBTS,naipit,VBTS
196,naghahapunan|VBTR,naghahapunan,VBTR
197,talisay|NNC,talisay,NNC
198,pares|NNC,pares,NNC
199,imik|NNC,imik,NNC
200,presyo|NNC,presyo,NNC
201,Lumakad|VBAF,Lumakad,VBAF
202,makababa|VBW,makababa,VBW
203,Napapikit|VBTS,Napapikit,VBTS
204,sabi|NNC,sabi,NNC
205,nasilayan|VBTS,nasilayan,VBTS
206,Siya|PRS,Siya,PRS
207,Alas|NNP,Alas,NNP
208,Nakatutuwa|RBD,Nakatutuwa,RBD
209,baba|JJD,baba,JJD
210,makapatubo|VBW,makapatubo,VBW
211,laing|NNC,laing,NNC
212,tanging|JJD_CCP,tanging,JJD_CCP
213,para|CCT,para,CCT
214,Aba|NNCA,Aba,NNCA
215,babae|NNC,babae,NNC
216,iisa|PRI,iisa,PRI
217,tawag|NNC,tawag,NNC
218,aaya|NNC,aaya,NNC
219,pa|RBI,pa,RBI
220,Ibinalik|VBTS,Ibinalik,VBTS
221,Kinaumagahan|NNP,Kinaumagahan,NNP
222,Grrrrr|NNP,Grrrrr,NNP
223,maghugas|VBW,maghugas,VBW
224,natigil|VBTS,natigil,VBTS
225,Asog|NNP,Asog,NNP
226,tribo|NNC,tribo,NNC
227,saliw|NNC,saliw,NNC
228,nila|PRP,nila,PRP
229,Aha|NNP,Aha,NNP
230,unti|JJD,unti,JJD
231,Sige|RBT,Sige,RBT
232,gawaing|NNC_CCP,gawaing,NNC_CCP
233,samang|NNC_CCP,samang,NNC_CCP
234,ibabaw|NNC,ibabaw,NNC
235,kalaro|NNC,kalaro,NNC
236,mapupulang|JJD_CCP,mapupulang,JJD_CCP
237,ideya|NNC,ideya,NNC
238,maubos|VBW,maubos,VBW
239,nakikinig|VBTR,nakikinig,VBTR
240,nanood|VBTS,nanood,VBTS
241,masasaktan|VBW,masasaktan,VBW
242,magtatagal|VBTF,magtatagal,VBTF
243,miss|FW,miss,FW
244,Hinihiwa|NNP,Hinihiwa,NNP
245,nakikipag|VBTR,nakikipag,VBTR
246,Kumusta|NNP,Kumusta,NNP
247,Isa|PRI,Isa,PRI
248,panaginip|NNC,panaginip,NNC
249,tayo|PRP,tayo,PRP
250,ilaw|NNC,ilaw,NNC
251,ginaya|VBOF,ginaya,VBOF
252,restawran|NNC,restawran,NNC
253,kahon|NNC,kahon,NNC
254,puwede|RBT,puwede,RBT
255,paibabaw|NNC,paibabaw,NNC
256,maluwag|JJD,maluwag,JJD
257,mamasyal|VBW,mamasyal,VBW
258,makakita|VBW,makakita,VBW
259,karagatan|NNC,karagatan,NNC
260,magkakaroon|VBTF,magkakaroon,VBTF
261,dalawang|JJN_CCP,dalawang,JJN_CCP
262,Balabaw|NNP,Balabaw,NNP
263,inoobserbahan|VBTR,inoobserbahan,VBTR
264,Grabe|NNP,Grabe,NNP
265,ganap|RBD,ganap,RBD
266,dagang|NNC_CCP,dagang,NNC_CCP
267,Philippines|NNP,Philippines,NNP
268,Romeo|NNP,Romeo,NNP
269,hamon|NNC,hamon,NNC
270,sako|NNC,sako,NNC
271,ABC|NNPA,ABC,NNPA
272,ingay|NNC,ingay,NNC
273,Natuwa|VBTS,Natuwa,VBTS
274,Batuan|NNP,Batuan,NNP
275,anim|JJN,anim,JJN
276,magsimba|VBW,magsimba,VBW
277,pamilya|NNC,pamilya,NNC
278,itinapon|VBTS,itinapon,VBTS
279,maasim|JJD,maasim,JJD
280,tayong|PRP_CCP,tayong,PRP_CCP
281,gamit|NNC,gamit,NNC
282,kanan|JJD,kanan,JJD
283,anong|PRQ_CCP,anong,PRQ_CCP
284,parte|NNC,parte,NNC
285,talunan|NNC,talunan,NNC
286,a|FW,a,FW
287,inihayag|VBTS,inihayag,VBTS
288,mabilis|JJD,mabilis,JJD
289,nag|VBTS,nag,VBTS
290,sibuyas|NNC,sibuyas,NNC
291,sinabing|VBTS,sinabing,VBTS
292,nangatog|VBTS,nangatog,VBTS
293,puputok|VBTF,puputok,VBTF
294,papel|NNC,papel,NNC
295,:|PMS,:,PMS
296,saan|RBQ,saan,RBQ
297,makangiti|VBW,makangiti,VBW
298,Hamon|NNP,Hamon,NNP
299,Words|NNP,Words,NNP
300,makipaglaro|VBW,makipaglaro,VBW
301,iyak|NNC,iyak,NNC
302,Dagling|NNP,Dagling,NNP
303,mahigpit|JJD,mahigpit,JJD
304,Ikaw|NNP,Ikaw,NNP
305,anu|FW,anu,FW
306,namamasyal|VBTR,namamasyal,VBTR
307,tumigil|VBAF,tumigil,VBAF
308,tingin|NNC,tingin,NNC
309,Ma|NNCA,Ma,NNCA
310,ninyong|NNC_CCP,ninyong,NNC_CCP
311,Pinulot|VBOF,Pinulot,VBOF
312,bayan|NNC,bayan,NNC
313,lima|CDB,lima,CDB
314,Naririnig|VBTR,Naririnig,VBTR
315,Creative|NNP,Creative,NNP
316,approved|FW,approved,FW
317,usupan|NNC,usupan,NNC
318,hilurin|FW,hilurin,FW
319,Dito|PRL,Dito,PRL
320,Dinala|VBOF,Dinala,VBOF
321,tirahan|NNC,tirahan,NNC
322,ΓÇÖ|PMS,ΓÇÖ,PMS
323,agos|NNC,agos,NNC
324,Matatanaw|VBTF,Matatanaw,VBTF
325,magaling|JJD,magaling,JJD
326,Natakpan|VBTS,Natakpan,VBTS
327,Pinakita|VBTS,Pinakita,VBTS
328,pangingisda|NNC,pangingisda,NNC
329,siyasatin|VBOF,siyasatin,VBOF
330,siya|PRS,siya,PRS
331,tapos|JJD,tapos,JJD
332,dumapong|VBTR_VBAF_CCP,dumapong,VBTR_VBAF_CCP
333,inayawan|VBTS,inayawan,VBTS
334,At|CCA,At,CCA
335,chainsaw|NNC,chainsaw,NNC
336,20|CDB,20,CDB
337,nakabubuti|VBTR,nakabubuti,VBTR
338,pumapasok|VBTR_VBAF,pumapasok,VBTR_VBAF
339,Bicol|NNP,Bicol,NNP
340,buhos|NNC,buhos,NNC
341,pong|PRS_CCP,pong,PRS_CCP
342,dibdib|NNC,dibdib,NNC
343,Wanda|NNP,Wanda,NNP
344,bilang|NNC,bilang,NNC
345,makagalaw|JJD,makagalaw,JJD
346,kalagayan|NNC,kalagayan,NNC
347,hinahabol|VBTR,hinahabol,VBTR
348,umakyat|VBAF,umakyat,VBAF
349,alab|NNC,alab,NNC
350,apat|CDB,apat,CDB
351,nagsibabaan|VBTS,nagsibabaan,VBTS
352,sampalok|NNC,sampalok,NNC
353,matamis|JJD,matamis,JJD
354,Buwan|NNP,Buwan,NNP
355,maagang|RBD_CCP,maagang,RBD_CCP
356,pinapaluto|VBTR,pinapaluto,VBTR
357,paborito|NNC,paborito,NNC
358,kay|DTP,kay,DTP
359,maghayskul|VBW,maghayskul,VBW
360,Pwedeng|RBT_CCP,Pwedeng,RBT_CCP
361,lilim|NNC,lilim,NNC
362,Kuya|NNC,Kuya,NNC
363,Narinig|VBTS,Narinig,VBTS
364,patayin|VBOF,patayin,VBOF
365,hangin|NNC,hangin,NNC
366,kape|NNC,kape,NNC
367,ating|PRSP_CCP,ating,PRSP_CCP
368,nakakatakot|VBTR,nakakatakot,VBTR
369,may|VBH,may,VBH
370,Pinapabihisan|VBTR,Pinapabihisan,VBTR
371,pandilig|JJD,pandilig,JJD
372,cream|FW,cream,FW
373,Sing|NNP,Sing,NNP
374,eskuwelahan|NNC,eskuwelahan,NNC
375,mamangka|VBW,mamangka,VBW
376,magkaroon|VBW,magkaroon,VBW
377,Binuldoser|FW,Binuldoser,FW
378,J.|NNPA,J.,NNPA
379,hinulog|VBTS,hinulog,VBTS
380,magbubuhay|VBW,magbubuhay,VBW
381,Parehas|JJD,Parehas,JJD
382,Tingnan|VBOF,Tingnan,VBOF
383,aayaw|VBTF,aayaw,VBTF
384,matiwasay|JJD,matiwasay,JJD
385,payapa|JJD,payapa,JJD
386,bigas|NNC,bigas,NNC
387,totoong|RBT_CCP,totoong,RBT_CCP
388,bintana|NNC,bintana,NNC
389,Tiningala|NNP,Tiningala,NNP
390,sala|NNC,sala,NNC
391,luha|NNC,luha,NNC
392,nariyan|VBTS,nariyan,VBTS
393,kasangkapan|NNC,kasangkapan,NNC
394,25|CDB,25,CDB
395,makapagtanim|VBW,makapagtanim,VBW
396,with|FW,with,FW
397,bagong|JJD_CCP,bagong,JJD_CCP
398,dalawa|CDB,dalawa,CDB
399,Nalubog|VBTS,Nalubog,VBTS
400,binatang|JJD_CCP,binatang,JJD_CCP
401,tao|NNC,tao,NNC
402,Ipagpaumanhin|NNP,Ipagpaumanhin,NNP
403,iyan|PRO,iyan,PRO
404,Gininaw|NNP,Gininaw,NNP
405,Dadalhin|VBTF_VBOF,Dadalhin,VBTF_VBOF
406,uminum|VBAF,uminum,VBAF
407,mam|NNC,mam,NNC
408,hugis|NNC,hugis,NNC
409,USAID|NNPA,USAID,NNPA
410,napakahigpit|JJCS_JJD,napakahigpit,JJCS_JJD
411,magpipiknik|VBW,magpipiknik,VBW
412,ΓÇ£|NNCA,ΓÇ£,NNCA
413,halo|JJD,halo,JJD
414,kakain|VBTF,kakain,VBTF
415,teksto|NNC,teksto,NNC
416,asa|NNC,asa,NNC
417,sinulid|NNC,sinulid,NNC
418,nadaig|VBTS,nadaig,VBTS
419,Gumapang|NNP_CCP,Gumapang,NNP_CCP
420,yun|PRO,yun,PRO
421,laki|NNC,laki,NNC
422,dilim|NNC,dilim,NNC
423,mababaw|JJD,mababaw,JJD
424,palayo|RBD,palayo,RBD
425,tindahan|NNC,tindahan,NNC
426,Subukan|VBOF,Subukan,VBOF
427,kumakain|VBTR_VBAF,kumakain,VBTR_VBAF
428,Lumutang|VBTR_VBAF,Lumutang,VBTR_VBAF
429,kama|NNC,kama,NNC
430,Pati|CCA,Pati,CCA
431,magawa|VBW,magawa,VBW
432,id|FW,id,FW
433,hinay|NNC,hinay,NNC
434,Hinihintay|VBTR,Hinihintay,VBTR
435,pupuntahan|RBD_CCP,pupuntahan,RBD_CCP
436,naiisip|VBTR,naiisip,VBTR
437,Ginagawa|VBTR,Ginagawa,VBTR
438,ilalim|JJD,ilalim,JJD
439,mauubos|FW,mauubos,FW
440,nakilalang|VBTS,nakilalang,VBTS
441,kidlat|NNC,kidlat,NNC
442,pinapakuha|VBTR,pinapakuha,VBTR
443,kwento|NNC,kwento,NNC
444,nakatatanda|VBTR,nakatatanda,VBTR
445,kumain|VBAF,kumain,VBAF
446,Diba|NNC,Diba,NNC
447,Sumimangot|NNC,Sumimangot,NNC
448,kaninang|NNC_CCP,kaninang,NNC_CCP
449,nagsimba|VBTS,nagsimba,VBTS
450,Ikakabit|VBOF,Ikakabit,VBOF
451,nami|PRI,nami,PRI
452,Natakot|VBTS,Natakot,VBTS
453,kagat|NNC,kagat,NNC
454,ΓÇÖ|CDB,ΓÇÖ,CDB
455,pinsala|NNC,pinsala,NNC
456,mangingibabaw|VBTR,mangingibabaw,VBTR
457,naging|VBTS,naging,VBTS
458,center|FW,center,FW
459,pagong|NNC,pagong,NNC
460,suka|NNC,suka,NNC
461,pagbabahagi|NNC,pagbabahagi,NNC
462,Pag|CCR,Pag,CCR
463,Reklamo|NNP,Reklamo,NNP
464,parang|CCT,parang,CCT
465,nag|CDB,nag,CDB
466,higante|RBD,higante,RBD
467,nagtatalon|VBTR,nagtatalon,VBTR
468,umugong|VBAF,umugong,VBAF
469,irap|VBOF,irap,VBOF
470,kalamansi|NNC,kalamansi,NNC
471,Totoo|RBT,Totoo,RBT
472,Dagdagan|VBTF,Dagdagan,VBTF
473,Natutuwa|VBTS,Natutuwa,VBTS
474,likod|NNC,likod,NNC
475,umang|NNC_CCP,umang,NNC_CCP
476,School|NNP,School,NNP
477,marinig|VBW,marinig,VBW
478,uling|NNC,uling,NNC
479,iyong|PRSP_CCP,iyong,PRSP_CCP
480,ngayong|RBW_CCP,ngayong,RBW_CCP
481,simpleng|JJD_CCP,simpleng,JJD_CCP
482,pupunta|VBTF,pupunta,VBTF
483,Matagal|JJD,Matagal,JJD
484,gitna|JJD,gitna,JJD
485,papuntang|RBL_CCP,papuntang,RBL_CCP
486,umindak|VBTR_VBAF,umindak,VBTR_VBAF
487,gawin|VBOF,gawin,VBOF
488,tumahol|VBAF,tumahol,VBAF
489,dahang|NNC_CCP,dahang,NNC_CCP
490,pupuluputan|RBD,pupuluputan,RBD
491,tinutulungan|VBTR,tinutulungan,VBTR
492,and|FW,and,FW
493,Isda|NNC,Isda,NNC
494,kanina|RBW,kanina,RBW
495,berdeng|JJD_CCP,berdeng,JJD_CCP
496,hapong|NNC_CCP,hapong,NNC_CCP
497,halakhakan|NNC,halakhakan,NNC
498,kuryente|NNC,kuryente,NNC
499,kaniya|PRSP,kaniya,PRSP
500,maaga|JJD,maaga,JJD
501,Basic|NNP,Basic,NNP
502,na|RBI,na,RBI
503,eroplano|NNC,eroplano,NNC
504,Dapat|VBS,Dapat,VBS
505,butil|NNC,butil,NNC
506,inaabot|VBTR,inaabot,VBTR
507,tatlo|CDB,tatlo,CDB
508,isinuksok|VBTR,isinuksok,VBTR
509,dagat|NNC,dagat,NNC
510,marami|PRI,marami,PRI
511,ayusin|VBOF,ayusin,VBOF
512,alaga|NNC,alaga,NNC
513,pagkatapos|VBW,pagkatapos,VBW
514,opo|NNC,opo,NNC
515,iyo|PRSP,iyo,PRSP
516,makalaro|VBW,makalaro,VBW
517,Lola|NNP,Lola,NNP
518,Isa|CDB,Isa,CDB
519,pagtatarabahuhan|NNC,pagtatarabahuhan,NNC
520,suwayin|VBOF,suwayin,VBOF
521,pag|CCR,pag,CCR
522,pigura|NNC,pigura,NNC
523,Ping|FW,Ping,FW
524,pisara|NNC,pisara,NNC
525,Ayokong|NNP_CCP,Ayokong,NNP_CCP
526,naming|PRP_CCP,naming,PRP_CCP
527,pagbukas|NNC,pagbukas,NNC
528,naaamoy|VBTS,naaamoy,VBTS
529,papasok|VBTF,papasok,VBTF
530,Lunes|NNP,Lunes,NNP
531,nagyakap|VBTS,nagyakap,VBTS
532,gulong|NNC,gulong,NNC
533,Laking|JJD_CCP,Laking,JJD_CCP
534,Umindak|NNP,Umindak,NNP
535,Nora|NNP,Nora,NNP
536,nandun|VBTS,nandun,VBTS
537,maging|VBW,maging,VBW
538,matututuhan|VBTF,matututuhan,VBTF
539,Maglaro|VBAF,Maglaro,VBAF
540,Nahiya|VBTS,Nahiya,VBTS
541,Huwebes|NNP,Huwebes,NNP
542,kalaban|NNC,kalaban,NNC
543,Masyadong|JJCS_CCP,Masyadong,JJCS_CCP
544,lantang|NNC_CCP,lantang,NNC_CCP
545,Magpapatulong|NNC_CCP,Magpapatulong,NNC_CCP
546,mamimingwit|VBW,mamimingwit,VBW
547,Tutulong|VBTF,Tutulong,VBTF
548,Pagsisisihan|NNP,Pagsisisihan,NNP
549,Apo|NNP,Apo,NNP
550,hardin|NNC,hardin,NNC
551,t|NNCA,t,NNCA
552,makasama|VBW,makasama,VBW
553,Gagawin|VBTF,Gagawin,VBTF
554,ΓÇÖ|NNCA,ΓÇÖ,NNCA
555,Tintin|NNP,Tintin,NNP
556,Sa|CCT,Sa,CCT
557,humihip|VBTR_VBAF,humihip,VBTR_VBAF
558,maganda|JJD,maganda,JJD
559,alukaba|NNC,alukaba,NNC
560,Nakita|VBTS,Nakita,VBTS
561,Mayroon|VBW,Mayroon,VBW
562,pabilis|RBD,pabilis,RBD
563,pasilyo|NNC,pasilyo,NNC
564,pagputok|NNC,pagputok,NNC
565,Labis|JJCS,Labis,JJCS
566,kasing|JJCC,kasing,JJCC
567,Papasok|NNP,Papasok,NNP
568,sahig|NNC,sahig,NNC
569,dumating|VBAF,dumating,VBAF
570,Mama|NNC,Mama,NNC
571,kung|RBK,kung,RBK
572,pating|NNC,pating,NNC
573,kapahamakan|NNC,kapahamakan,NNC
574,katulad|JJC,katulad,JJC
575,pangloloko|JJD,pangloloko,JJD
576,dala|JJD,dala,JJD
577,Tahimik|JJD,Tahimik,JJD
578,Maghain|VBOF,Maghain,VBOF
579,yon|PRO,yon,PRO
580,ng|CCB,ng,CCB
581,Magkulong|VBW,Magkulong,VBW
582,nagkukuwento|VBTR,nagkukuwento,VBTR
583,tabagak|NNC,tabagak,NNC
584,malundag|VBW,malundag,VBW
585,keso|NNC,keso,NNC
586,State|NNP,State,NNP
587,nagsimulang|RBD_CCP,nagsimulang,RBD_CCP
588,gagawin|VBTF,gagawin,VBTF
589,kamukha|JJD,kamukha,JJD
590,nang|RBD,nang,RBD
591,katawan|NNC,katawan,NNC
592,tinatago|VBTR,tinatago,VBTR
593,haba|NNC,haba,NNC
594,Mag|CDB,Mag,CDB
595,bata|JJD,bata,JJD
596,kumidlat|NNC,kumidlat,NNC
597,kinatatakutan|VBTR,kinatatakutan,VBTR
598,naku|VBTS,naku,VBTS
599,Huminto|VBAF,Huminto,VBAF
600,Nang|RBW,Nang,RBW
601,pagkakaiba|NNC,pagkakaiba,NNC
602,obrang|NNC_CCP,obrang,NNC_CCP
603,kanyang|PRSP_CCP,kanyang,PRSP_CCP
604,silang|PRP_CCP,silang,PRP_CCP
605,biglang|JJD_CCP,biglang,JJD_CCP
606,lobong|JJD_CCP,lobong,JJD_CCP
607,Hahaha|NNP,Hahaha,NNP
608,lalong|JJCC_CCP,lalong,JJCC_CCP
609,Bukas|JJD,Bukas,JJD
610,kagatin|FW,kagatin,FW
611,aayos|FW,aayos,FW
612,Nilagyan|VBTS,Nilagyan,VBTS
613,nun|NNCA,nun,NNCA
614,buhay|NNC,buhay,NNC
615,nawala|VBTS,nawala,VBTS
616,Nakikisabay|VBTR,Nakikisabay,VBTR
617,Halika|NNP,Halika,NNP
618,magkamalay|VBW,magkamalay,VBW
619,pamamagitan|NNC,pamamagitan,NNC
620,Mabubuhay|VBTF,Mabubuhay,VBTF
621,biglang|RBD_CCP,biglang,RBD_CCP
622,nakaramdam|VBTS,nakaramdam,VBTS
623,Naghihingalong|VBTR_CCP,Naghihingalong,VBTR_CCP
624,ngumingiti|VBTR,ngumingiti,VBTR
625,bisikleta|NNC,bisikleta,NNC
626,Nakikita|VBTR,Nakikita,VBTR
627,masakit|JJD,masakit,JJD
628,mamamasyal|JJD,mamamasyal,JJD
629,laging|RBD_CCP,laging,RBD_CCP
630,mundo|NNC,mundo,NNC
631,tanda|NNC,tanda,NNC
632,paninda|NNC,paninda,NNC
633,Naaamoy|VBTS,Naaamoy,VBTS
634,tugon|NNC,tugon,NNC
635,kapag|CCR,kapag,CCR
636,nagbabago|VBTR,nagbabago,VBTR
637,sana|VBS,sana,VBS
638,Ang|DTC,Ang,DTC
639,Idrowing|NNP,Idrowing,NNP
640,lalangoy|VBTF,lalangoy,VBTF
641,maya|NNC,maya,NNC
642,masaya|JJD,masaya,JJD
643,Umiiyak|VBTR_VBAF,Umiiyak,VBTR_VBAF
644,talon|NNC,talon,NNC
645,putol|JJD,putol,JJD
646,paligid|JJD,paligid,JJD
647,nagkukuwentuhan|VBTR,nagkukuwentuhan,VBTR
648,sinusubuan|VBTR_VBOF,sinusubuan,VBTR_VBOF
649,Department|NNP,Department,NNP
650,grupo|NNC,grupo,NNC
651,kumulog|JJD,kumulog,JJD
652,Zoo|NNP,Zoo,NNP
653,dumadausdos|VBTR_VBAF,dumadausdos,VBTR_VBAF
654,aayos|NNC,aayos,NNC
655,kahoy|NNC,kahoy,NNC
656,kaibigang|NNC_CCP,kaibigang,NNC_CCP
657,Nalungkot|VBTS,Nalungkot,VBTS
658,iba|PRI,iba,PRI
659,ipagbibili|VBOB,ipagbibili,VBOB
660,tularan|NNC,tularan,NNC
661,Sumasayaw|VBTR,Sumasayaw,VBTR
662,6|CDB,6,CDB
663,bumigat|VBAF,bumigat,VBAF
664,toyo|NNC,toyo,NNC
665,dali|JJD,dali,JJD
666,ikinabubuhay|NNC,ikinabubuhay,NNC
667,gastusin|VBOF,gastusin,VBOF
668,naaayos|VBTR,naaayos,VBTR
669,ganang|JJD_CCP,ganang,JJD_CCP
670,ibinubuhos|VBTR,ibinubuhos,VBTR
671,Lumitaw|VBAF,Lumitaw,VBAF
672,Biglang|RBD_CCP,Biglang,RBD_CCP
673,bawat|PRI,bawat,PRI
674,kasya|NNC,kasya,NNC
675,galamay|NNC,galamay,NNC
676,Inay|NNP,Inay,NNP
677,dali|NNC,dali,NNC
678,ΓÇö|PMS,ΓÇö,PMS
679,nagtanim|VBTS,nagtanim,VBTS
680,Duuuumm|NNP,Duuuumm,NNP
681,papasok|RBD,papasok,RBD
682,nagsipag|VBTS,nagsipag,VBTS
683,naghintay|VBTS,naghintay,VBTS
684,ganda|NNC,ganda,NNC
685,Magugustuhan|VBTF,Magugustuhan,VBTF
686,mabubulunan|VBTF,mabubulunan,VBTF
687,nainum|VBTS,nainum,VBTS
688,pagmamahal|NNC,pagmamahal,NNC
689,ganun|PRC,ganun,PRC
690,Namasyal|NNP,Namasyal,NNP
691,gagabay|VBTF,gagabay,VBTF
692,shell|FW,shell,FW
693,Lilly|FW,Lilly,FW
694,Matatagpuan|VBTF,Matatagpuan,VBTF
695,maduming|JJD_CCP,maduming,JJD_CCP
696,higit|JJCC,higit,JJCC
697,nasusunod|VBTR,nasusunod,VBTR
698,Tamarindus|NNP,Tamarindus,NNP
699,Naubusan|VBTS,Naubusan,VBTS
700,License|NNP,License,NNP
701,elesi|NNC,elesi,NNC
702,Talagang|RBT_CCP,Talagang,RBT_CCP
703,Nagiging|VBTR,Nagiging,VBTR
704,nalang|VBTS_CCP,nalang,VBTS_CCP
705,Mag|NNP,Mag,NNP
706,klasrum|NNC,klasrum,NNC
707,Tinitigan|VBOF,Tinitigan,VBOF
708,Kakay|NNP,Kakay,NNP
709,tatalunin|VBTF,tatalunin,VBTF
710,lungsod|NNC,lungsod,NNC
711,Krassshh|NNP,Krassshh,NNP
712,lupa|NNC,lupa,NNC
713,nakatira|VBTS,nakatira,VBTS
714,ginising|VBOF,ginising,VBOF
715,mangolekta|VBW,mangolekta,VBW
716,Management|NNP,Management,NNP
717,Hinabol|VBOF,Hinabol,VBOF
718,lumipad|VBAF,lumipad,VBAF
719,umulan|VBAF,umulan,VBAF
720,Mina|NNP,Mina,NNP
721,gumaling|VBAF,gumaling,VBAF
722,Iyan|VBTS_VBOF,Iyan,VBTS_VBOF
723,nasasabik|VBTR,nasasabik,VBTR
724,id|NNCA,id,NNCA
725,Nagpalipat|NNP,Nagpalipat,NNP
726,kapangyarihan|NNC,kapangyarihan,NNC
727,Dun|NNC,Dun,NNC
728,butones|NNC,butones,NNC
729,nakatitig|VBTS,nakatitig,VBTS
730,nakakatakot|RBD,nakakatakot,RBD
731,Payat|JJD,Payat,JJD
732,nagtampisaw|VBTR,nagtampisaw,VBTR
733,lumangoy|VBAF,lumangoy,VBAF
734,mapag|VBW,mapag,VBW
735,Nasindak|VBTS,Nasindak,VBTS
736,panghuhuli|NNC,panghuhuli,NNC
737,raw|RBI,raw,RBI
738,ligtas|JJD,ligtas,JJD
739,pagkatapos|RBW,pagkatapos,RBW
740,pagkain|NNC,pagkain,NNC
741,Nakinig|VBTS,Nakinig,VBTS
742,Tulad|JJC,Tulad,JJC
743,nagpapansinan|VBTR,nagpapansinan,VBTR
744,niyo|PRP,niyo,PRP
745,kawawa|JJD,kawawa,JJD
746,kwak|NNC,kwak,NNC
747,nangungulila|VBTR,nangungulila,VBTR
748,tigil|NNC,tigil,NNC
749,Pesigan|NNP,Pesigan,NNP
750,field|FW,field,FW
751,at|CCA,at,CCA
752,papelastik|NNC,papelastik,NNC
753,inakyat|VBTS,inakyat,VBTS
754,Nagtago|VBTS,Nagtago,VBTS
755,sari|NNC,sari,NNC
756,kaisa|NNC,kaisa,NNC
757,namamagha|VBTR,namamagha,VBTR
758,kakainin|VBTF,kakainin,VBTF
759,Sinilip|VBTS,Sinilip,VBTS
760,alon|NNC,alon,NNC
761,Nanaginip|VBTR,Nanaginip,VBTR
762,gabi|NNC,gabi,NNC
763,kalaruin|VBOF,kalaruin,VBOF
764,aaral|FW,aaral,FW
765,Nandito|VBTS,Nandito,VBTS
766,niyakap|VBTS,niyakap,VBTS
767,nung|RBW_CCP,nung,RBW_CCP
768,gawain|NNC,gawain,NNC
769,mamingwit|NNC,mamingwit,NNC
770,pahiwatig|NNC,pahiwatig,NNC
771,Ngunit|CCT,Ngunit,CCT
772,humila|VBAF,humila,VBAF
773,patak|NNC,patak,NNC
774,sabay|JJD,sabay,JJD
775,ahas|NNC,ahas,NNC
776,tinangay|VBTS,tinangay,VBTS
777,kabundukan|NNC,kabundukan,NNC
778,ginagawa|VBTR,ginagawa,VBTR
779,Tumulong|VBAF,Tumulong,VBAF
780,Tutulungan|JJD,Tutulungan,JJD
781,diyan|PRL,diyan,PRL
782,humahampas|VBTR_VBAF,humahampas,VBTR_VBAF
783,Sinabayan|VBOF,Sinabayan,VBOF
784,tila|RBM,tila,RBM
785,yang|PRO,yang,PRO
786,tumanggap|VBAF,tumanggap,VBAF
787,Tayo|NNP,Tayo,NNP
788,liwanag|NNC,liwanag,NNC
789,Kinagat|VBTS,Kinagat,VBTS
790,Namuhay|VBTS,Namuhay,VBTS
791,nandiyan|VBTS,nandiyan,VBTS
792,paglangoy|NNC,paglangoy,NNC
793,namasyal|VBTS,namasyal,VBTS
794,ninyo|PRP,ninyo,PRP
795,namumuhay|VBTR,namumuhay,VBTR
796,pagdrowing|NNC,pagdrowing,NNC
797,umuulan|VBTR_VBAF,umuulan,VBTR_VBAF
798,pataas|JJD,pataas,JJD
799,susi|NNC,susi,NNC
800,paglaki|VBW,paglaki,VBW
801,makintab|JJD,makintab,JJD
802,Tumango|NNP,Tumango,NNP
803,puso|NNC,puso,NNC
804,naninirahan|VBTR,naninirahan,VBTR
805,Talisay|NNP,Talisay,NNP
806,napangiti|VBTS,napangiti,VBTS
807,implemented|FW,implemented,FW
808,pagdating|VBW,pagdating,VBW
809,Laguda|NNP,Laguda,NNP
810,Sama|NNP,Sama,NNP
811,mang|RBI_CCP,mang,RBI_CCP
812,Libot|NNP,Libot,NNP
813,malubha|JJD,malubha,JJD
814,nakamit|VBTS,nakamit,VBTS
815,Nag|PRSP_CCP,Nag,PRSP_CCP
816,taas|NNC,taas,NNC
817,Sumagang|NNC,Sumagang,NNC
818,Dayday|NNP,Dayday,NNP
819,to|FW,to,FW
820,dahang|RBD_CCP,dahang,RBD_CCP
821,Wala|VBN,Wala,VBN
822,katribo|NNC,katribo,NNC
823,nagyaya|VBTS,nagyaya,VBTS
824,Kaibigan|JJD,Kaibigan,JJD
825,nalungkot|VBTS,nalungkot,VBTS
826,kailan|RBQ,kailan,RBQ
827,pagmamatigas|VBW,pagmamatigas,VBW
828,umang|FW,umang,FW
829,Tila|RBM,Tila,RBM
830,tutularan|VBTF,tutularan,VBTF
831,pagtawag|NNC,pagtawag,NNC
832,sapa|NNC,sapa,NNC
833,ΓÇ¥|NNPA,ΓÇ¥,NNPA
834,ikinulong|VBTS,ikinulong,VBTS
835,magtrabaho|VBAF,magtrabaho,VBAF
836,panangga|NNC,panangga,NNC
837,nakatatanda|NNC,nakatatanda,NNC
838,pinakamagagandang|JJCS_JJD_CCP,pinakamagagandang,JJCS_JJD_CCP
839,Sinuot|VBOF,Sinuot,VBOF
840,magsusulat|VBTF,magsusulat,VBTF
841,paano|RBQ,paano,RBQ
842,din|RBI,din,RBI
843,Nagmamadali|VBTS,Nagmamadali,VBTS
844,heto|FW,heto,FW
845,Kingan|NNP,Kingan,NNP
846,natitirang|VBTR_CCP,natitirang,VBTR_CCP
847,damo|NNC,damo,NNC
848,bago|RBW,bago,RBW
849,labador|FW,labador,FW
850,hanger|FW,hanger,FW
851,magtago|VBW,magtago,VBW
852,the|FW,the,FW
853,Cimarron|NNP,Cimarron,NNP
854,Pinipigilan|VBTR,Pinipigilan,VBTR
855,nahimasmasan|VBTS,nahimasmasan,VBTS
856,nagpakilala|VBTS,nagpakilala,VBTS
857,lumakas|VBAF,lumakas,VBAF
858,Inamoy|VBTS,Inamoy,VBTS
859,kanin|NNC,kanin,NNC
860,tama|JJD,tama,JJD
861,kumakaway|VBTR_VBAF,kumakaway,VBTR_VBAF
862,ΓÇÖ|FW,ΓÇÖ,FW
863,nagpapatawag|VBTR,nagpapatawag,VBTR
864,Pagkatapos|VBW,Pagkatapos,VBW
865,pinagkukunan|VBTR_VBRF,pinagkukunan,VBTR_VBRF
866,managinip|NNC,managinip,NNC
867,balikat|NNC,balikat,NNC
868,nakapikit|RBD,nakapikit,RBD
869,Ping|NNP,Ping,NNP
870,itsura|NNC,itsura,NNC
871,nalalanta|VBTR,nalalanta,VBTR
872,Sino|PRQ,Sino,PRQ
873,mabuhay|VBW,mabuhay,VBW
874,Anila|NNP,Anila,NNP
875,aalala|VBTF,aalala,VBTF
876,Kinakailangan|VBTR,Kinakailangan,VBTR
877,bumabalot|VBTR_VBAF,bumabalot,VBTR_VBAF
878,paaralan|NNC,paaralan,NNC
879,Limon|NNP,Limon,NNP
880,nagsilabasan|VBTS,nagsilabasan,VBTS
881,Neriza|NNP,Neriza,NNP
882,Diretso|JJD,Diretso,JJD
883,kaba|NNC,kaba,NNC
884,inawit|VBOF,inawit,VBOF
885,Aw|NNC,Aw,NNC
886,Oyayi|NNP,Oyayi,NNP
887,Magkakatabi|VBW,Magkakatabi,VBW
888,nagtago|VBTS,nagtago,VBTS
889,daling|RBD_CCP,daling,RBD_CCP
890,sumubok|VBAF,sumubok,VBAF
891,Tumakbo|VBAF,Tumakbo,VBAF
892,payagan|VBOF,payagan,VBOF
893,Sana|VBS,Sana,VBS
894,RRIINNGG|NNP,RRIINNGG,NNP
895,nabangga|VBTR,nabangga,VBTR
896,pagsang|NNC,pagsang,NNC
897,CANVAS|NNPA,CANVAS,NNPA
898,Umalis|VBAF,Umalis,VBAF
899,pipiliin|VBTF,pipiliin,VBTF
900,nagpapakita|VBTR,nagpapakita,VBTR
901,Sige|FW,Sige,FW
902,Sayaw|NNC,Sayaw,NNC
903,namamansin|VBTR,namamansin,VBTR
904,Tumalikod|VBAF,Tumalikod,VBAF
905,magpapatuloy|VBTR_VBAF,magpapatuloy,VBTR_VBAF
906,aba|FW,aba,FW
907,kaingero|NNC,kaingero,NNC
908,hapon|NNC,hapon,NNC
909,batik|NNC,batik,NNC
910,makinig|VBW,makinig,VBW
911,tinuruan|VBTS,tinuruan,VBTS
912,pamumuhay|NNC,pamumuhay,NNC
913,papalayo|RBD,papalayo,RBD
914,matitinik|JJD,matitinik,JJD
915,pampatulog|JJD,pampatulog,JJD
916,kurap|NNC,kurap,NNC
917,Nakakatulog|VBTR,Nakakatulog,VBTR
918,beses|NNC,beses,NNC
919,Titingala|VBTS,Titingala,VBTS
920,bilimbi|FW,bilimbi,FW
921,dinampot|VBTS,dinampot,VBTS
922,bigla|RBD,bigla,RBD
923,nadagdagan|VBTS,nadagdagan,VBTS
924,koronang|NNC_CCP,koronang,NNC_CCP
925,hinay|JJD,hinay,JJD
926,niligpit|VBOF,niligpit,VBOF
927,Hanggang|RBW,Hanggang,RBW
928,bagay|NNC,bagay,NNC
929,mangingisda|NNC,mangingisda,NNC
930,taon|NNC,taon,NNC
931,A|NNPA,A,NNPA
932,pugitang|NNC_CCP,pugitang,NNC_CCP
933,bituin|NNC,bituin,NNC
934,ibinabalik|VBTR,ibinabalik,VBTR
935,as|FW,as,FW
936,tumakbo|VBAF,tumakbo,VBAF
937,putulin|VBOF,putulin,VBOF
938,pangalan|NNC,pangalan,NNC
939,Mario|NNP,Mario,NNP
940,Bitawan|VBOF,Bitawan,VBOF
941,pugita|NNC,pugita,NNC
942,sina|DTPP,sina,DTPP
943,tunog|NNC,tunog,NNC
944,magagawa|VBTF,magagawa,VBTF
945,hiwalay|JJD,hiwalay,JJD
946,paalam|NNC,paalam,NNC
947,Citrofortunella|NNP,Citrofortunella,NNP
948,kumausap|VBAF,kumausap,VBAF
949,siyato|NNC,siyato,NNC
950,tora|RBD,tora,RBD
951,Supervisor|NNP,Supervisor,NNP
952,karanasan|NNC,karanasan,NNC
953,Nagtawanan|VBTR,Nagtawanan,VBTR
954,nina|DTPP,nina,DTPP
955,maghanap|RBD,maghanap,RBD
956,Maliit|JJD,Maliit,JJD
957,itlog|NNC,itlog,NNC
958,nagtutulungan|VBTR,nagtutulungan,VBTR
959,Nasaksihan|VBTS,Nasaksihan,VBTS
960,kakilala|JJD,kakilala,JJD
961,paglampas|NNC,paglampas,NNC
962,Solong|JJD_CCP,Solong,JJD_CCP
963,Dumadausdos|NNC,Dumadausdos,NNC
964,Hari|NNP,Hari,NNP
965,ibinuhos|VBOF,ibinuhos,VBOF
966,Sigurado|NNP,Sigurado,NNP
967,daling|FW,daling,FW
968,alimasag|NNC,alimasag,NNC
969,nasaan|JJD,nasaan,JJD
970,kita|NNC,kita,NNC
971,nakikita|VBTR,nakikita,VBTR
972,nakasagot|VBTS,nakasagot,VBTS
973,sunod|JJD,sunod,JJD
974,handa|JJD,handa,JJD
975,Yehey|NNP,Yehey,NNP
976,umalis|VBAF,umalis,VBAF
977,Naipit|VBTS,Naipit,VBTS
978,andito|RBR,andito,RBR
979,!|PMQ,!,PMQ
980,Bukid|NNP,Bukid,NNP
981,pinapanood|VBTR,pinapanood,VBTR
982,insekto|NNC,insekto,NNC
983,tinanong|VBOF,tinanong,VBOF
984,ibalik|VBOF,ibalik,VBOF
985,Tunay|RBT,Tunay,RBT
986,katawang|NNC_CCP,katawang,NNC_CCP
987,hinahanap|VBTR,hinahanap,VBTR
988,papasok|NNC,papasok,NNC
989,Pagkatapos|RBW,Pagkatapos,RBW
990,mapakali|VBW,mapakali,VBW
991,Magkakaroon|VBTF,Magkakaroon,VBTF
992,nakaligtas|VBTS,nakaligtas,VBTS
993,mapigilang|RBD_CCP,mapigilang,RBD_CCP
994,kabilang|CCB,kabilang,CCB
995,Tinaniman|VBTS,Tinaniman,VBTS
996,alerto|JJD,alerto,JJD
997,papalapit|JJD,papalapit,JJD
998,Napaisip|VBTS,Napaisip,VBTS
999,Nabasag|VBTS,Nabasag,VBTS
1000,alagang|NNC_CCP,alagang,NNC_CCP
1001,madala|VBW,madala,VBW
1002,baha|NNC,baha,NNC
1003,nakakita|VBTS,nakakita,VBTS
1004,Hayaan|NNP,Hayaan,NNP
1005,gilid|JJD,gilid,JJD
1006,mag|VBW,mag,VBW
1007,tapos|RBW,tapos,RBW
1008,nagkonsensiya|VBTS,nagkonsensiya,VBTS
1009,Napansin|VBTS,Napansin,VBTS
1010,kuha|NNC,kuha,NNC
1011,nigo|NNC,nigo,NNC
1012,Na|CCP,Na,CCP
1013,binata|NNC,binata,NNC
1014,itayo|VBOF,itayo,VBOF
1015,tahanan|NNC,tahanan,NNC
1016,gumagapang|VBTR_VBAF,gumagapang,VBTR_VBAF
1017,nagsisimula|VBTR,nagsisimula,VBTR
1018,nakadrowing|VBTS,nakadrowing,VBTS
1019,magagamit|VBTF,magagamit,VBTF
1020,nababaliw|VBTR,nababaliw,VBTR
1021,alikabok|NNC,alikabok,NNC
1022,Elementary|NNP,Elementary,NNP
1023,kalsada|NNC,kalsada,NNC
1024,pinasama|VBOF,pinasama,VBOF
1025,mama|NNC,mama,NNC
1026,masimulan|VBW,masimulan,VBW
1027,Doon|PRL,Doon,PRL
1028,Kinalma|VBTS,Kinalma,VBTS
1029,korona|NNC,korona,NNC
1030,mong|PRS_CCP,mong,PRS_CCP
1031,Nakatakas|VBTS,Nakatakas,VBTS
1032,Nadamay|VBTS,Nadamay,VBTS
1033,Pinagsabihan|VBRF,Pinagsabihan,VBRF
1034,Maasikaso|VBTF,Maasikaso,VBTF
1035,Di|RBF,Di,RBF
1036,kanilang|PRSP_CCP,kanilang,PRSP_CCP
1037,Kalmado|JJD,Kalmado,JJD
1038,Lumangoy|JJD,Lumangoy,JJD
1039,Advancing|NNP,Advancing,NNP
1040,gustong|VBS_CCP,gustong,VBS_CCP
1041,Mam|NNC,Mam,NNC
1042,agad|RBW,agad,RBW
1043,Bakit|PRQ,Bakit,PRQ
1044,lumalabas|VBTR_VBAF,lumalabas,VBTR_VBAF
1045,kabahayan|NNC,kabahayan,NNC
1046,malalawak|JJD,malalawak,JJD
1047,Gugurang|NNC_CCP,Gugurang,NNC_CCP
1048,nagpaalam|VBTS,nagpaalam,VBTS
1049,Lingon|NNP,Lingon,NNP
1050,nangyari|VBTS,nangyari,VBTS
1051,ΓÇÖ|NNC,ΓÇÖ,NNC
1052,hiling|NNC,hiling,NNC
1053,10|CDB,10,CDB
1054,tiningnan|VBOF,tiningnan,VBOF
1055,Umupo|NNP,Umupo,NNP
1056,Tulungan|VBOF,Tulungan,VBOF
1057,Pula|NNP,Pula,NNP
1058,Pwede|RBT,Pwede,RBT
1059,inuming|NNC,inuming,NNC
1060,noon|RBW,noon,RBW
1061,pinakamalaking|JJCS_JJD_CCP,pinakamalaking,JJCS_JJD_CCP
1062,Ayoko|NNP,Ayoko,NNP
1063,;|PMSC,;,PMSC
1064,ngnakatatanda|FW,ngnakatatanda,FW
1065,Amatorio|NNP,Amatorio,NNP
1066,bawal|JJD,bawal,JJD
1067,makapaniwala|VBTF,makapaniwala,VBTF
1068,pinagulong|VBRF_CCP,pinagulong,VBRF_CCP
1069,nakabitin|VBTS,nakabitin,VBTS
1070,paliwanag|NNC,paliwanag,NNC
1071,taguan|NNC,taguan,NNC
1072,gulang|NNC,gulang,NNC
1073,gumawa|VBAF,gumawa,VBAF
1074,muli|RBW,muli,RBW
1075,bulawbulaw|NNC,bulawbulaw,NNC
1076,Araw|NNP,Araw,NNP
1077,pitong|JJN_CCP,pitong,JJN_CCP
1078,bato|NNC,bato,NNC
1079,Nais|VBS,Nais,VBS
1080,Naunahan|VBTS,Naunahan,VBTS
1081,Baka|NNP,Baka,NNP
1082,sapatos|NNC,sapatos,NNC
1083,Ewan|NNC,Ewan,NNC
1084,sisidlan|NNC,sisidlan,NNC
1085,Nalulungkot|VBTR,Nalulungkot,VBTR
1086,Makalipas|VBW,Makalipas,VBW
1087,nalantang|VBTS_CCP,nalantang,VBTS_CCP
1088,narinig|VBTS,narinig,VBTS
1089,bote|NNC,bote,NNC
1090,sanang|VBS_CCP,sanang,VBS_CCP
1091,naintindihan|VBTS,naintindihan,VBTS
1092,Larawan|NNC,Larawan,NNC
1093,Duguduuuu|NNP,Duguduuuu,NNP
1094,Madulas|NNP,Madulas,NNP
1095,pwede|RBT,pwede,RBT
1096,lumilingon|VBTR_VBAF,lumilingon,VBTR_VBAF
1097,matulis|JJD,matulis,JJD
1098,Ilang|PRQ_CCP,Ilang,PRQ_CCP
1099,-|PMS,-,PMS
1100,nagsiliparan|VBTS,nagsiliparan,VBTS
1101,makitang|VBW_CCP,makitang,VBW_CCP
1102,Kasama|CCB,Kasama,CCB
1103,lolo|NNC,lolo,NNC
1104,ng|RBD,ng,RBD
1105,Oo|RBT,Oo,RBT
1106,magtutupi|VBAF,magtutupi,VBAF
1107,utos|NNC,utos,NNC
1108,pagkakaibigan|NNC,pagkakaibigan,NNC
1109,nakitang|VBTS_CCP,nakitang,VBTS_CCP
1110,Hinagilap|NNP,Hinagilap,NNP
1111,basagin|VBOF,basagin,VBOF
1112,palaging|JJD_CCP,palaging,JJD_CCP
1113,unang|JJN_CCP,unang,JJN_CCP
1114,Pinulot|VBTS,Pinulot,VBTS
1115,ΓÇÿ|PMS,ΓÇÿ,PMS
1116,ngipin|NNC,ngipin,NNC
1117,malagkit|JJD,malagkit,JJD
1118,papunta|RBL,papunta,RBL
1119,Buga|NNP,Buga,NNP
1120,mahinang|JJD_CCP,mahinang,JJD_CCP
1121,niyan|PRO,niyan,PRO
1122,Napakaaga|VBTS,Napakaaga,VBTS
1123,napasigaw|VBTS,napasigaw,VBTS
1124,titser|NNC,titser,NNC
1125,tubig|NNC,tubig,NNC
1126,munang|RBW_CCP,munang,RBW_CCP
1127,Nagtipon|VBTS,Nagtipon,VBTS
1128,anino|NNC,anino,NNC
1129,umupo|VBAF,umupo,VBAF
1130,Kulay|NNP,Kulay,NNP
1131,nadarama|VBTS,nadarama,VBTS
1132,Division|NNP,Division,NNP
1133,sinasaway|VBTR,sinasaway,VBTR
1134,Di|JJCN,Di,JJCN
1135,higanteng|JJD_CCP,higanteng,JJD_CCP
1136,Makakatakas|VBTF,Makakatakas,VBTF
1137,Sandali|RBW,Sandali,RBW
1138,Lolo|NNC,Lolo,NNC
1139,umihip|VBAF,umihip,VBAF
1140,kaya|CCR,kaya,CCR
1141,matang|NNC_CCP,matang,NNC_CCP
1142,Paano|PRQ,Paano,PRQ
1143,ayaw|RBF,ayaw,RBF
1144,umaliwalas|VBTR,umaliwalas,VBTR
1145,paraan|NNC,paraan,NNC
1146,part|FW,part,FW
1147,nagkaroon|VBTS,nagkaroon,VBTS
1148,Tinignan|VBOF,Tinignan,VBOF
1149,mam|NNCA,mam,NNCA
1150,puluputan|NNC,puluputan,NNC
1151,pasukan|NNC,pasukan,NNC
1152,Kaano|NNP,Kaano,NNP
1153,mapapaniwala|VBW,mapapaniwala,VBW
1154,Sayang|RBS,Sayang,RBS
1155,sabi|VBS,sabi,VBS
1156,Lina|NNP,Lina,NNP
1157,loob|NNC,loob,NNC
1158,Bumaba|VBAF,Bumaba,VBAF
1159,ΓÇ¥|FW,ΓÇ¥,FW
1160,man|RBI,man,RBI
1161,Ililipad|VBOF,Ililipad,VBOF
1162,buwan|NNC,buwan,NNC
1163,naaamoy|VBTR,naaamoy,VBTR
1164,pigilan|VBOF,pigilan,VBOF
1165,Ipinasa|VBOF,Ipinasa,VBOF
1166,Dala|VBS,Dala,VBS
1167,Kumuha|VBAF,Kumuha,VBAF
1168,mapakaling|VBW_CCP,mapakaling,VBW_CCP
1169,naiwan|VBTS,naiwan,VBTS
1170,Iikot|VBTF,Iikot,VBTF
1171,the|DTC,the,DTC
1172,Nakatago|VBTS,Nakatago,VBTS
1173,pusa|NNC,pusa,NNC
1174,nababalot|VBTR,nababalot,VBTR
1175,lingon|VBOF,lingon,VBOF
1176,biskuwit|NNC,biskuwit,NNC
1177,Nakaabot|VBTS,Nakaabot,VBTS
1178,Nasiyahan|VBTS,Nasiyahan,VBTS
1179,Pumatak|VBAF,Pumatak,VBAF
1180,nakatulog|VBTS,nakatulog,VBTS
1181,iwasan|VBOF,iwasan,VBOF
1182,ikot|NNC,ikot,NNC
1183,takang|NNC_CCP,takang,NNC_CCP
1184,damuhan|NNC,damuhan,NNC
1185,Opo|NNP,Opo,NNP
1186,natapos|VBTS,natapos,VBTS
1187,Lagi|RBW,Lagi,RBW
1188,hapunan|NNC,hapunan,NNC
1189,Nagpagulong|VBTS,Nagpagulong,VBTS
1190,naramdaman|VBTS,naramdaman,VBTS
1191,palitan|NNC,palitan,NNC
1192,araw|RBW,araw,RBW
1193,nanginig|VBTS,nanginig,VBTS
1194,Binigay|VBOF,Binigay,VBOF
1195,aming|PRSP_CCP,aming,PRSP_CCP
1196,magkakambal|JJD,magkakambal,JJD
1197,Parang|RBM,Parang,RBM
1198,pangisda|NNC,pangisda,NNC
1199,mamumuno|VBW,mamumuno,VBW
1200,nabuhay|VBTS,nabuhay,VBTS
1201,pangyayari|NNC,pangyayari,NNC
1202,palay|NNC,palay,NNC
1203,gamitin|VBOF,gamitin,VBOF
1204,Rebecca|NNP,Rebecca,NNP
1205,CoVully|NNP,CoVully,NNP
1206,luma|JJD,luma,JJD
1207,magpalipad|VBW,magpalipad,VBW
1208,magbasa|VBW,magbasa,VBW
1209,sagot|NNC,sagot,NNC
1210,dalhin|VBOF,dalhin,VBOF
1211,klase|NNC,klase,NNC
1212,natuwa|VBTS,natuwa,VBTS
1213,kanya|PRSP,kanya,PRSP
1214,pagkasakim|NNC,pagkasakim,NNC
1215,Pinangako|VBOF,Pinangako,VBOF
1216,tawagin|VBOF,tawagin,VBOF
1217,binagtas|VBOF,binagtas,VBOF
1218,duyan|NNC,duyan,NNC
1219,kanila|PRSP,kanila,PRSP
1220,ulan|NNC,ulan,NNC
1221,nakapag|VBTS,nakapag,VBTS
1222,tinutungo|VBTR,tinutungo,VBTR
1223,Cora|NNP,Cora,NNP
1224,nakangiting|VBTS,nakangiting,VBTS
1225,G.|NNPA,G.,NNPA
1226,gamit|VBS,gamit,VBS
1227,Pinipindot|VBTR,Pinipindot,VBTR
1228,umuuwi|VBTR_VBAF,umuuwi,VBTR_VBAF
1229,tango|JJD,tango,JJD
1230,nakamasid|VBTS,nakamasid,VBTS
1231,kitang|RBD_CCP,kitang,RBD_CCP
1232,sasali|VBTF,sasali,VBTF
1233,ari|NNC,ari,NNC
1234,naapakan|VBTS,naapakan,VBTS
1235,linagyan|VBOF,linagyan,VBOF
1236,ate|FW,ate,FW
1237,nakahilera|VBTS,nakahilera,VBTS
1238,bathala|NNC,bathala,NNC
1239,umang|JJD_CCP,umang,JJD_CCP
1240,Florida|NNP,Florida,NNP
1241,Nalulumbay|VBTR,Nalulumbay,VBTR
1242,gawa|VBS,gawa,VBS
1243,puno|JJD,puno,JJD
1244,tumalikod|VBAF,tumalikod,VBAF
1245,Sigaw|NNC,Sigaw,NNC
1246,Iraya|NNP,Iraya,NNP
1247,Malamig|JJD,Malamig,JJD
1248,ipansusulat|VBTR,ipansusulat,VBTR
1249,pagtaas|NNC,pagtaas,NNC
1250,panganay|NNC,panganay,NNC
1251,pong|PRO_CCP,pong,PRO_CCP
1252,maibigay|VBW,maibigay,VBW
1253,nawa|VBTS,nawa,VBTS
1254,sama|CCB,sama,CCB
1255,Lani|NNC,Lani,NNC
1256,mainam|JJD,mainam,JJD
1257,lahat|PRI,lahat,PRI
1258,dami|NNC,dami,NNC
1259,lang|RBI,lang,RBI
1260,bago|JJD,bago,JJD
1261,puno|NNC,puno,NNC
1262,ikalawang|JJN_CCP,ikalawang,JJN_CCP
1263,Lumukso|NNP,Lumukso,NNP
1264,pagturing|VBW,pagturing,VBW
1265,ΓÇ£ΓÇ¥|PMS,ΓÇ£ΓÇ¥,PMS
1266,Lumalapit|VBTR_VBAF,Lumalapit,VBTR_VBAF
1267,matalik|JJD,matalik,JJD
1268,halimbawa|NNC,halimbawa,NNC
1269,Nasa|RBL,Nasa,RBL
1270,timog|JJD,timog,JJD
1271,tuwa|NNC,tuwa,NNC
1272,hamapas|NNC,hamapas,NNC
1273,sumbong|NNC,sumbong,NNC
1274,pinakamalawak|JJCS_JJD,pinakamalawak,JJCS_JJD
1275,atensyon|NNC,atensyon,NNC
1276,Bisel|NNP,Bisel,NNP
1277,11|CDB,11,CDB
1278,Hoy|NNP,Hoy,NNP
1279,natakot|VBTS,natakot,VBTS
1280,Indica|NNP,Indica,NNP
1281,ay|LM,ay,LM
1282,hasang|NNC_CCP,hasang,NNC_CCP
1283,Hinuli|VBTS,Hinuli,VBTS
1284,alala|NNC,alala,NNC
1285,paboritong|JJD_CCP,paboritong,JJD_CCP
1286,ayaw|VBS,ayaw,VBS
1287,Sinubukan|VBTS,Sinubukan,VBTS
1288,Masipag|JJD,Masipag,JJD
1289,poprotektahan|VBTF,poprotektahan,VBTF
1290,sumilong|VBAF,sumilong,VBAF
1291,Ay|NNCA,Ay,NNCA
1292,sanga|NNC,sanga,NNC
1293,malayo|JJD,malayo,JJD
1294,pataas|NNC,pataas,NNC
1295,bakit|RBQ,bakit,RBQ
1296,Katulad|JJC,Katulad,JJC
1297,galing|RBL,galing,RBL
1298,tumpok|NNC,tumpok,NNC
1299,bukal|NNC,bukal,NNC
1300,nasa|RBL,nasa,RBL
1301,magtatanim|VBTF,magtatanim,VBTF
1302,sya|PRS,sya,PRS
1303,mabibigyan|VBTF,mabibigyan,VBTF
1304,sikat|JJD,sikat,JJD
1305,siyempre|RBT,siyempre,RBT
1306,napulot|VBTS,napulot,VBTS
1307,3|CDB,3,CDB
1308,malalim|JJD,malalim,JJD
1309,Sinalo|VBOF,Sinalo,VBOF
1310,pilit|RBD,pilit,RBD
1311,pagkalipas|VBW,pagkalipas,VBW
1312,Kalamansi|NNP,Kalamansi,NNP
1313,bulaklak|NNC,bulaklak,NNC
1314,nagbigay|VBTS,nagbigay,VBTS
1315,tumatawa|VBTR_VBAF,tumatawa,VBTR_VBAF
1316,pati|CCA,pati,CCA
1317,taya|NNC,taya,NNC
1318,Opo|NNCA,Opo,NNCA
1319,Marami|PRI,Marami,PRI
1320,notebook|FW,notebook,FW
1321,Nanalamin|VBTS,Nanalamin,VBTS
1322,isalansan|VBTS,isalansan,VBTS
1323,Hinawakan|VBOF,Hinawakan,VBOF
1324,Mag|NNC,Mag,NNC
1325,unan|NNC,unan,NNC
1326,Napakalakas|JJCS_JJD,Napakalakas,JJCS_JJD
1327,sumasayaw|VBTR,sumasayaw,VBTR
1328,bangka|NNC,bangka,NNC
1329,Oh|FW,Oh,FW
1330,nalang|VBTS,nalang,VBTS
1331,Ins|NNC,Ins,NNC
1332,nakalipas|VBTS,nakalipas,VBTS
1333,bigyan|VBOF,bigyan,VBOF
1334,magpamilya|VBAF,magpamilya,VBAF
1335,Kasalanan|CCR,Kasalanan,CCR
1336,walang|VBN_CCP,walang,VBN_CCP
1337,yumuko|VBAF,yumuko,VBAF
1338,pinoy|JJD,pinoy,JJD
1339,mananayaw|NNC,mananayaw,NNC
1340,paruparo|JJD,paruparo,JJD
1341,pamimingwit|NNC,pamimingwit,NNC
1342,Yay|NNP,Yay,NNP
1343,excited|FW,excited,FW
1344,pakiramdam|NNC,pakiramdam,NNC
1345,Nicolas|NNP,Nicolas,NNP
1346,maghahanda|VBW,maghahanda,VBW
1347,makagawa|VBW,makagawa,VBW
1348,pumunta|VBAF,pumunta,VBAF
1349,nakapatong|VBTS,nakapatong,VBTS
1350,Sumagang|NNP,Sumagang,NNP
1351,pinagtatawanan|VBTR_VBRF,pinagtatawanan,VBTR_VBRF
1352,paggamit|NNC,paggamit,NNC
1353,tumira|VBAF,tumira,VBAF
1354,Itlog|NNC,Itlog,NNC
1355,tinatapos|VBTR,tinatapos,VBTR
1356,Mas|JJCC,Mas,JJCC
1357,masasarap|VBW,masasarap,VBW
1358,iihi|VBTF,iihi,VBTF
1359,Pinapatawad|VBTR,Pinapatawad,VBTR
1360,ginagaya|VBTR,ginagaya,VBTR
1361,Eh|NNCA,Eh,NNCA
1362,Lumipad|VBAF,Lumipad,VBAF
1363,langoy|NNC,langoy,NNC
1364,bakuran|NNC,bakuran,NNC
1365,assignment|FW,assignment,FW
1366,saring|JJD_CCP,saring,JJD_CCP
1367,yo|NNC,yo,NNC
1368,papunta|RBD,papunta,RBD
1369,inaalon|FW,inaalon,FW
1370,Kokoy|NNP,Kokoy,NNP
1371,Noong|RBW_CCP,Noong,RBW_CCP
1372,Marie|NNP,Marie,NNP
1373,Gumawa|VBAF,Gumawa,VBAF
1374,talunin|VBOF,talunin,VBOF
1375,naghuhukay|VBTS,naghuhukay,VBTS
1376,nawawalan|VBTR,nawawalan,VBTR
1377,Tamar|NNP,Tamar,NNP
1378,bilog|NNC,bilog,NNC
1379,natanaw|VBTS,natanaw,VBTS
1380,naninira|VBTR,naninira,VBTR
1381,Paulit|NNP,Paulit,NNP
1382,Nagtanong|VBTS,Nagtanong,VBTS
1383,kislap|NNC,kislap,NNC
1384,siyang|PRS_CCP,siyang,PRS_CCP
1385,Buti|NNP,Buti,NNP
1386,habang|RBW,habang,RBW
1387,naiinis|VBTR,naiinis,VBTR
1388,glass|FW,glass,FW
1389,dapat|VBS,dapat,VBS
1390,nakakalangoy|VBTR,nakakalangoy,VBTR
1391,Oktubre|NNP,Oktubre,NNP
1392,eksena|NNC,eksena,NNC
1393,nangitlog|VBTS,nangitlog,VBTS
1394,nakasilong|VBTS,nakasilong,VBTS
1395,sumisilong|VBTR_VBAF,sumisilong,VBTR_VBAF
1396,Luna|NNP,Luna,NNP
1397,bunot|NNC,bunot,NNC
1398,anakan|NNC,anakan,NNC
1399,nagtatakang|VBTR,nagtatakang,VBTR
1400,Naiinip|VBTS,Naiinip,VBTS
1401,papelastik|JJD,papelastik,JJD
1402,Ma|NNP,Ma,NNP
1403,bitawan|VBOF,bitawan,VBOF
1404,pakialam|NNC,pakialam,NNC
1405,Titay|VBOF,Titay,VBOF
1406,Ginoong|NNP,Ginoong,NNP
1407,CLMD|NNPA,CLMD,NNPA
1408,mahinahong|RBD_CCP,mahinahong,RBD_CCP
1409,minasdan|VBOF,minasdan,VBOF
1410,Naabutan|VBTR,Naabutan,VBTR
1411,paglabas|VBW,paglabas,VBW
1412,ano|RBQ,ano,RBQ
1413,natalo|VBTS,natalo,VBTS
1414,pala|NNC,pala,NNC
1415,gumaan|VBAF,gumaan,VBAF
1416,direksyon|NNC,direksyon,NNC
1417,di|RBF,di,RBF
1418,Wow|NNCA,Wow,NNCA
1419,Mabigat|JJD,Mabigat,JJD
1420,Holmes|NNP,Holmes,NNP
1421,nang|RBW,nang,RBW
1422,buksan|VBOF,buksan,VBOF
1423,kasiyahan|NNC,kasiyahan,NNC
1424,itinataas|VBTR,itinataas,VBTR
1425,tawanan|NNC,tawanan,NNC
1426,Ginamit|VBOF,Ginamit,VBOF
1427,mapuputol|VBW,mapuputol,VBW
1428,Alam|VBS,Alam,VBS
1429,iskuter|NNC,iskuter,NNC
1430,alay|NNC,alay,NNC
1431,Lumiwanag|VBTR,Lumiwanag,VBTR
1432,nag|NNCA,nag,NNCA
1433,Kinakain|VBTR,Kinakain,VBTR
1434,licensed|FW,licensed,FW
1435,kalayuan|NNC,kalayuan,NNC
1436,Sumisigaw|VBTR_VBAF,Sumisigaw,VBTR_VBAF
1437,Hiwa|NNP,Hiwa,NNP
1438,makipagkaibigan|VBW,makipagkaibigan,VBW
1439,imprentahan|NNC,imprentahan,NNC
1440,nanay|NNC,nanay,NNC
1441,nagbago|VBTS,nagbago,VBTS
1442,ngiti|NNC,ngiti,NNC
1443,sisiw|NNC,sisiw,NNC
1444,taong|NNC_CCP,taong,NNC_CCP
1445,bilis|NNC,bilis,NNC
1446,pasasalamat|RBS,pasasalamat,RBS
1447,Ayokong|RBF,Ayokong,RBF
1448,Learning|NNP,Learning,NNP
1449,aso|NNC,aso,NNC
1450,narito|PRL,narito,PRL
1451,Klaaaaattt|NNP,Klaaaaattt,NNP
1452,maliwanag|JJD,maliwanag,JJD
1453,Sabado|NNP,Sabado,NNP
1454,Kwak|NNC,Kwak,NNC
1455,ibinalita|VBTS,ibinalita,VBTS
1456,Manay|NNP,Manay,NNP
1457,porma|NNC,porma,NNC
1458,Aba|NNP,Aba,NNP
1459,pinatawa|VBTS,pinatawa,VBTS
1460,kusot|RBD,kusot,RBD
1461,natutulog|VBTR,natutulog,VBTR
1462,retrato|NNC,retrato,NNC
1463,habol|NNC,habol,NNC
1464,naglakad|VBTS,naglakad,VBTS
1465,Turo|NNP,Turo,NNP
1466,masayang|JJD_CCP,masayang,JJD_CCP
1467,kasi|CCR,kasi,CCR
1468,ginawa|VBTS,ginawa,VBTS
1469,maliit|JJD,maliit,JJD
1470,Pagkasalansan|VBW,Pagkasalansan,VBW
1471,asim|NNC,asim,NNC
1472,inunahan|VBTS,inunahan,VBTS
1473,Nagsimula|VBTS,Nagsimula,VBTS
1474,ΓÇª|PMS,ΓÇª,PMS
1475,kuwago|NNC,kuwago,NNC
1476,yari|VBS,yari,VBS
1477,hugasan|NNC,hugasan,NNC
1478,Naglakad|VBTS,Naglakad,VBTS
1479,ulo|NNC,ulo,NNC
1480,kaniyang|PRSP_CCP,kaniyang,PRSP_CCP
1481,gumalaw|VBAF,gumalaw,VBAF
1482,City|NNP,City,NNP
1483,dalampasigan|NNC,dalampasigan,NNC
1484,San|NNP,San,NNP
1485,rhino|NNC,rhino,NNC
1486,turan|NNC,turan,NNC
1487,Sakit|NNP,Sakit,NNP
1488,nakauwi|VBTS,nakauwi,VBTS
1489,libot|FW,libot,FW
1490,ituturo|VBTF,ituturo,VBTF
1491,pang|RBI_CCP,pang,RBI_CCP
1492,Magkaibigan|NNP,Magkaibigan,NNP
1493,umiilaw|VBTR_VBAF,umiilaw,VBTR_VBAF
1494,bilog|JJD,bilog,JJD
1495,Ginaya|VBOF,Ginaya,VBOF
1496,ulas|JJD,ulas,JJD
1497,Resource|NNP,Resource,NNP
1498,kalagitnaan|RBW,kalagitnaan,RBW
1499,sumakay|VBAF,sumakay,VBAF
1500,Luna|NNC,Luna,NNC
1501,mga|DTCP,mga,DTCP
1502,tutubi|NNC,tutubi,NNC
1503,Naalala|VBTS,Naalala,VBTS
1504,Yang|NNC_CCP,Yang,NNC_CCP
1505,tested|FW,tested,FW
1506,Napalitan|VBTS,Napalitan,VBTS
1507,pinakamaamong|JJCS_JJD,pinakamaamong,JJCS_JJD
1508,Makipaglaro|VBW,Makipaglaro,VBW
1509,libro|NNC,libro,NNC
1510,kalangitan|NNC,kalangitan,NNC
1511,Pinigilan|VBTS,Pinigilan,VBTS
1512,Ah|RBJ,Ah,RBJ
1513,natin|PRP,natin,PRP
1514,ipinasok|VBOF,ipinasok,VBOF
1515,magkakampi|NNC,magkakampi,NNC
1516,dumilim|VBAF,dumilim,VBAF
1517,mapagkukunan|VBW,mapagkukunan,VBW
1518,saging|NNC,saging,NNC
1519,maaari|VBS,maaari,VBS
1520,Rafflesia|NNP,Rafflesia,NNP
1521,12|CDB,12,CDB
1522,Akala|VBS,Akala,VBS
1523,maputol|VBW,maputol,VBW
1524,karamdaman|NNC,karamdaman,NNC
1525,Pinatawag|VBOF,Pinatawag,VBOF
1526,hihihi|NNC,hihihi,NNC
1527,handang|RBD_CCP,handang,RBD_CCP
1528,katwiran|NNC,katwiran,NNC
1529,tumingala|VBAF,tumingala,VBAF
1530,kaarawan|NNC,kaarawan,NNC
1531,lumalangoy|VBTR_VBAF,lumalangoy,VBTR_VBAF
1532,halip|CCT,halip,CCT
1533,umang|VBAF,umang,VBAF
1534,dahon|NNC,dahon,NNC
1535,nakain|VBTS,nakain,VBTS
1536,Nagulat|VBTS,Nagulat,VBTS
1537,lumabas|VBAF,lumabas,VBAF
1538,Kumurap|NNP,Kumurap,NNP
1539,Sumagang|NNC_CCP,Sumagang,NNC_CCP
1540,Huminga|VBOF,Huminga,VBOF
1541,Kasabay|CCB,Kasabay,CCB
1542,lumisan|VBAF,lumisan,VBAF
1543,tanong|NNC_CCP,tanong,NNC_CCP
1544,kami|PRP,kami,PRP
1545,Sumagang|VBAF,Sumagang,VBAF
1546,nautusan|VBTR,nautusan,VBTR
1547,Dinakip|NNP,Dinakip,NNP
1548,pagsasalin|NNC,pagsasalin,NNC
1549,Mama|NNP,Mama,NNP
1550,Ilarawan|VBOF,Ilarawan,VBOF
1551,Kalarong|JJD_CCP,Kalarong,JJD_CCP
1552,pinagpawisan|VBRF,pinagpawisan,VBRF
1553,nga|RBI,nga,RBI
1554,palayan|NNC,palayan,NNC
1555,maingat|RBD,maingat,RBD
1556,Naging|VBTS,Naging,VBTS
1557,mahabang|JJD_CCP,mahabang,JJD_CCP
1558,nagsasalita|VBTR,nagsasalita,VBTR
1559,Isang|PRI_CCP,Isang,PRI_CCP
1560,ΓÇ¥|NNCA,ΓÇ¥,NNCA
1561,masunurin|JJD,masunurin,JJD
1562,ibon|NNC,ibon,NNC
1563,Tribo|NNP,Tribo,NNP
1564,pagtagpi|NNC,pagtagpi,NNC
1565,binitawan|VBOF,binitawan,VBOF
1566,Bumalik|VBAF,Bumalik,VBAF
1567,aw|NNC,aw,NNC
1568,mamumutol|NNC,mamumutol,NNC
1569,magpamilya|VBW,magpamilya,VBW
1570,pumasok|VBAF,pumasok,VBAF
1571,Gugurang|NNP_CCP,Gugurang,NNP_CCP
1572,habagat|NNC,habagat,NNC
1573,Aasahan|VBTS_VBOF,Aasahan,VBTS_VBOF
1574,Babalik|VBTF,Babalik,VBTF
1575,for|FW,for,FW
1576,Hinihikayat|VBTR,Hinihikayat,VBTR
1577,didilig|NNC,didilig,NNC
1578,sasadyain|VBTF,sasadyain,VBTF
1579,Nawala|VBTS,Nawala,VBTS
1580,tamsi|FW,tamsi,FW
1581,Tumayo|VBAF,Tumayo,VBAF
1582,aayusin|VBTF,aayusin,VBTF
1583,dalawa|JJN,dalawa,JJN
1584,Garcinia|FW,Garcinia,FW
1585,Iraga|NNP,Iraga,NNP
1586,pinaglalagyan|VBRF,pinaglalagyan,VBRF
1587,bundok|NNC,bundok,NNC
1588,kailangang|VBS_CCP,kailangang,VBS_CCP
1589,Nabuhay|VBTS,Nabuhay,VBTS
1590,Saan|PRQ,Saan,PRQ
1591,kaganapan|NNC,kaganapan,NNC
1592,Malaki|JJD,Malaki,JJD
1593,ligawan|JJD,ligawan,JJD
1594,mamaya|RBW,mamaya,RBW
1595,nagtampo|VBTS,nagtampo,VBTS
1596,Hinatid|VBOF,Hinatid,VBOF
1597,poso|NNC,poso,NNC
1598,ipinamana|VBTS,ipinamana,VBTS
1599,dyan|NNC,dyan,NNC
1600,bibiruin|VBTF,bibiruin,VBTF
1601,kausap|NNC,kausap,NNC
1602,flag|FW,flag,FW
1603,maharlikang|JJD_CCP,maharlikang,JJD_CCP
1604,mauulit|VBW,mauulit,VBW
1605,Sinundan|VBTS,Sinundan,VBTS
1606,sama|NNC,sama,NNC
1607,kumulog|NNC,kumulog,NNC
1608,magtahip|VBW,magtahip,VBW
1609,nagawa|VBTS,nagawa,VBTS
1610,malayong|JJD_CCP,malayong,JJD_CCP
1611,larong|NNC_CCP,larong,NNC_CCP
1612,Naalog|NNP,Naalog,NNP
1613,tinuro|VBOF,tinuro,VBOF
1614,magsabi|VBW,magsabi,VBW
1615,Dali|NNP,Dali,NNP
1616,Hangang|RBW,Hangang,RBW
1617,Magandang|NNC_CCP,Magandang,NNC_CCP
1618,ang|DTC,ang,DTC
1619,pulang|JJD_CCP,pulang,JJD_CCP
1620,noong|RBW_CCP,noong,RBW_CCP
1621,palad|NNC,palad,NNC
1622,dito|PRL,dito,PRL
1623,grupong|NNC_CCP,grupong,NNC_CCP
1624,nakakapagpasaya|RBD,nakakapagpasaya,RBD
1625,imbak|NNC,imbak,NNC
1626,aalalang|NNC_CCP,aalalang,NNC_CCP
1627,nun|FW,nun,FW
1628,pinagawa|VBTS,pinagawa,VBTS
1629,namutla|FW,namutla,FW
1630,pinuluputan|VBTR,pinuluputan,VBTR
1631,itinanim|VBTS,itinanim,VBTS
1632,Wonderful|NNP,Wonderful,NNP
1633,gumuhit|VBAF,gumuhit,VBAF
1634,nalulungkot|VBTR,nalulungkot,VBTR
1635,baka|RBM,baka,RBM
1636,tintin|FW,tintin,FW
1637,nagkasakit|VBTS,nagkasakit,VBTS
1638,dingding|NNC,dingding,NNC
1639,nakasabit|VBTS,nakasabit,VBTS
1640,kwarto|NNC,kwarto,NNC
1641,pinakamaliit|JJCS_JJD,pinakamaliit,JJCS_JJD
1642,Ipapaalam|VBTF_VBOF,Ipapaalam,VBTF_VBOF
1643,maamo|RBD,maamo,RBD
1644,makakapatubo|VBW,makakapatubo,VBW
1645,nangangalaga|VBTR,nangangalaga,VBTR
1646,Uy|NNC,Uy,NNC
1647,manghang|VBW_CCP,manghang,VBW_CCP
1648,namatay|VBTS,namatay,VBTS
1649,bag|NNC,bag,NNC
1650,Hinga|NNP,Hinga,NNP
1651,tumungo|VBAF,tumungo,VBAF
1652,University|NNP,University,NNP
1653,pasok|NNC,pasok,NNC
1654,Nagsabi|VBTS,Nagsabi,VBTS
1655,naghawakan|VBTR,naghawakan,VBTR
1656,Iniwan|VBOF,Iniwan,VBOF
1657,Laro|NNP,Laro,NNP
1658,Igagawa|VBTS,Igagawa,VBTS
1659,Palaging|RBD_CCP,Palaging,RBD_CCP
1660,uulan|NNC,uulan,NNC
1661,nagsimula|VBTS,nagsimula,VBTS
1662,sa|CCT,sa,CCT
1663,Pasensya|NNC,Pasensya,NNC
1664,Subalit|CCT,Subalit,CCT
1665,COVID|NNPA,COVID,NNPA
1666,saan|PRQ,saan,PRQ
1667,sinusulat|VBTR,sinusulat,VBTR
1668,Pani|NNP,Pani,NNP
1669,naglalakad|VBTR,naglalakad,VBTR
1670,pagyayaya|VBW,pagyayaya,VBW
1671,lumiwanag|VBTS_VBAF,lumiwanag,VBTS_VBAF
1672,binubuhay|VBTR,binubuhay,VBTR
1673,dilaw|JJD,dilaw,JJD
1674,Martes|NNP,Martes,NNP
1675,Iisa|JJD,Iisa,JJD
1676,ipakita|VBOF,ipakita,VBOF
1677,hummingbird|FW,hummingbird,FW
1678,umaga|RBW,umaga,RBW
1679,Magalang|JJD,Magalang,JJD
1680,uusap|NNC,uusap,NNC
1681,makapasok|VBW,makapasok,VBW
1682,malapit|JJD,malapit,JJD
1683,titser|FW,titser,FW
1684,naririnig|VBTR,naririnig,VBTR
1685,Kung|RBK,Kung,RBK
1686,nahulog|VBTS,nahulog,VBTS
1687,oras|NNC,oras,NNC
1688,pinangalanan|VBTS,pinangalanan,VBTS
1689,Tinutupi|NNP,Tinutupi,NNP
1690,mapayapa|RBD,mapayapa,RBD
1691,tupi|NNC,tupi,NNC
1692,dulo|NNC,dulo,NNC
1693,starfish|FW,starfish,FW
1694,Luha|NNC,Luha,NNC
1695,limang|JJN_CCP,limang,JJN_CCP
1696,tora|NNC,tora,NNC
1697,Basa|NNP,Basa,NNP
1698,Linggo|NNP,Linggo,NNP
1699,sumasakal|VBAF,sumasakal,VBAF
1700,bitbit|JJD,bitbit,JJD
1701,kukunin|VBTF_VBOF,kukunin,VBTF_VBOF
1702,naligaw|VBTS,naligaw,VBTS
1703,magnifying|JJD_CCP,magnifying,JJD_CCP
1704,makasagot|VBW,makasagot,VBW
1705,ΓÇô|PMS,ΓÇô,PMS
1706,makasabay|VBW,makasabay,VBW
1707,LRMS|NNPA,LRMS,NNPA
1708,nagsusulat|VBTR,nagsusulat,VBTR
1709,Nanoy|NNP,Nanoy,NNP
1710,nagtatrabaho|VBTR,nagtatrabaho,VBTR
1711,sabay|RBD,sabay,RBD
1712,pinaglapat|VBRF,pinaglapat,VBRF
1713,kasama|CCB,kasama,CCB
1714,ΓÇ£|CDB,ΓÇ£,CDB
1715,dumaan|VBAF,dumaan,VBAF
1716,gawi|NNC,gawi,NNC
1717,pinasok|VBOF,pinasok,VBOF
1718,matangkad|JJD,matangkad,JJD
1719,tumalon|VBAF,tumalon,VBAF
1720,kabinet|NNC,kabinet,NNC
1721,Langit|NNP,Langit,NNP
1722,sagana|JJD,sagana,JJD
1723,Gusto|VBS,Gusto,VBS
1724,kesa|NNC,kesa,NNC
1725,18|CDB,18,CDB
1726,Nagpasalamat|VBTR,Nagpasalamat,VBTR
1727,Pogs|NNP,Pogs,NNP
1728,nilalang|NNC,nilalang,NNC
1729,y|FW,y,FW
1730,kasali|CCB,kasali,CCB
1731,ngumiti|VBAF,ngumiti,VBAF
1732,ugali|NNC,ugali,NNC
1733,Kaya|CCR,Kaya,CCR
1734,Naramdaman|VBTS,Naramdaman,VBTS
1735,nagtanong|VBTS,nagtanong,VBTS
1736,uuwi|JJD,uuwi,JJD
1737,nang|CCB,nang,CCB
1738,Nakakita|VBTS,Nakakita,VBTS
1739,FSU|NNPA,FSU,NNPA
1740,kinuha|VBOF,kinuha,VBOF
1741,pabalik|RBD,pabalik,RBD
1742,bahagi|NNC,bahagi,NNC
1743,no|FW,no,FW
1744,Asia|NNP,Asia,NNP
1745,pinakamatangkad|JJCS_JJD,pinakamatangkad,JJCS_JJD
1746,lalo|JJCC,lalo,JJCC
1747,Maganda|JJD,Maganda,JJD
1748,tumakas|VBAF,tumakas,VBAF
1749,ina|NNC,ina,NNC
1750,sinagip|VBTS,sinagip,VBTS
1751,Tumigil|VBAF,Tumigil,VBAF
1752,Hindi|RBF,Hindi,RBF
1753,tulong|NNC,tulong,NNC
1754,yo|NNCA,yo,NNCA
1755,araw|NNC,araw,NNC
1756,Napakamapagmasid|VBTS,Napakamapagmasid,VBTS
1757,Titay|NNP,Titay,NNP
1758,manilo|NNC,manilo,NNC
1759,taniman|NNC,taniman,NNC
1760,Makikita|VBTF,Makikita,VBTF
1761,hinihintay|VBTR,hinihintay,VBTR
1762,Pumila|VBAF,Pumila,VBAF
1763,ikabubuti|NNC,ikabubuti,NNC
1764,Helen|NNP,Helen,NNP
1765,ilahas|NNC,ilahas,NNC
1766,TV|NNPA,TV,NNPA
1767,tatay|NNC,tatay,NNC
1768,Iyon|PRO,Iyon,PRO
1769,aagawan|VBTF,aagawan,VBTF
1770,isip|NNC,isip,NNC
1771,Iniidolo|VBTS,Iniidolo,VBTS
1772,makabubuti|VBW,makabubuti,VBW
1773,Masayang|RBD_CCP,Masayang,RBD_CCP
1774,Ating|PRQ_CCP,Ating,PRQ_CCP
1775,pumulot|VBAF,pumulot,VBAF
1776,kutyain|VBOF,kutyain,VBOF
1777,Siguro|RBM,Siguro,RBM
1778,Tara|NNP,Tara,NNP
1779,trabaho|NNC,trabaho,NNC
1780,baluktot|NNC,baluktot,NNC
1781,kinukwentuhan|VBTS,kinukwentuhan,VBTS
1782,buhangin|NNC,buhangin,NNC
1783,ngunit|CCT,ngunit,CCT
1784,elepante|NNC,elepante,NNC
1785,kuya|NNC,kuya,NNC
1786,pabango|NNC,pabango,NNC
1787,tumitigil|VBTR_VBAF,tumitigil,VBTR_VBAF
1788,Bilog|JJD,Bilog,JJD
1789,talahiban|NNC,talahiban,NNC
1790,pababa|JJD,pababa,JJD
1791,RTI|PMS,RTI,PMS
1792,unggoy|NNC,unggoy,NNC
1793,nakikitang|VBTR_CCP,nakikitang,VBTR_CCP
1794,hinga|NNC,hinga,NNC
1795,nakaisip|VBTS,nakaisip,VBTS
1796,Averrhoa|FW,Averrhoa,FW
1797,Umiyak|VBAF,Umiyak,VBAF
1798,hinigpitan|VBOF,hinigpitan,VBOF
1799,Commons|NNP,Commons,NNP
1800,palabas|NNC,palabas,NNC
1801,balkonahe|NNC,balkonahe,NNC
1802,naglilinis|VBTR,naglilinis,VBTR
1803,natamaan|VBTS,natamaan,VBTS
1804,maitim|JJD,maitim,JJD
1805,yaya|NNC,yaya,NNC
1806,kulog|NNC,kulog,NNC
1807,Hmmmp|NNP,Hmmmp,NNP
1808,papalubog|JJD,papalubog,JJD
1809,nakayanang|RBD_CCP,nakayanang,RBD_CCP
1810,binitbit|VBOF,binitbit,VBOF
1811,rin|RBI,rin,RBI
1812,Sumasagwan|NNP,Sumasagwan,NNP
1813,Wooooooosh|NNP,Wooooooosh,NNP
1814,Blag|NNP,Blag,NNP
1815,buntot|NNC,buntot,NNC
1816,Pero|CCT,Pero,CCT
1817,Ilayo|NNP,Ilayo,NNP
1818,makawala|VBW,makawala,VBW
1819,balat|NNC,balat,NNC
1820,ginagawang|VBTR_CCP,ginagawang,VBTR_CCP
1821,Bato|NNC,Bato,NNC
1822,kailan|PRQ,kailan,PRQ
1823,magulang|NNC,magulang,NNC
1824,sitaw|NNC,sitaw,NNC
1825,magliwanag|VBW,magliwanag,VBW
1826,bungang|NNC_CCP,bungang,NNC_CCP
1827,nabubuhay|VBTR,nabubuhay,VBTR
1828,Dagling|NNP_CCP,Dagling,NNP_CCP
1829,Bantay|NNP,Bantay,NNP
1830,Lisa|NNC,Lisa,NNC
1831,5|CDB,5,CDB
1832,lalanguyan|NNC,lalanguyan,NNC
1833,bangin|NNC,bangin,NNC
1834,daanan|NNC,daanan,NNC
1835,korales|NNC,korales,NNC
1836,makakaya|VBW,makakaya,VBW
1837,mawala|VBW,mawala,VBW
1838,mabunggo|VBW,mabunggo,VBW
1839,tutulungan|VBTF,tutulungan,VBTF
1840,under|FW,under,FW
1841,binabantayan|VBTR,binabantayan,VBTR
1842,tungkol|RBR,tungkol,RBR
1843,pinakabatang|JJCS_JJD_CCP,pinakabatang,JJCS_JJD_CCP
1844,aklat|NNC,aklat,NNC
1845,humihingal|FW,humihingal,FW
1846,kumakanta|VBTR_VBAF,kumakanta,VBTR_VBAF
1847,tuloy|JJD,tuloy,JJD
1848,gabi|RBW,gabi,RBW
1849,pakatapos|NNC,pakatapos,NNC
1850,ΓÇ£|PMS,ΓÇ£,PMS
1851,karton|NNC,karton,NNC
1852,aralan|NNC,aralan,NNC
1853,Mahigpit|JJD,Mahigpit,JJD
1854,makakawala|VBW,makakawala,VBW
1855,makalimutan|VBW,makalimutan,VBW
1856,bituwin|NNC,bituwin,NNC
1857,adapted|FW,adapted,FW
1858,sapsap|NNC,sapsap,NNC
1859,Binalot|VBOF,Binalot,VBOF
1860,makatulong|VBW,makatulong,VBW
1861,sumunod|VBAF,sumunod,VBAF
1862,problema|NNC,problema,NNC
1863,Yan|NNC,Yan,NNC
1864,iiyak|VBTF,iiyak,VBTF
1865,hanggang|RBW,hanggang,RBW
1866,publication|NNC,publication,NNC
1867,nagsabi|VBTS,nagsabi,VBTS
1868,pagod|NNC,pagod,NNC
1869,nun|NNC,nun,NNC
1870,kuweba|NNC,kuweba,NNC
1871,Napuluputan|VBTS,Napuluputan,VBTS
1872,Maghuhugas|NNP,Maghuhugas,NNP
1873,magpapakain|VBTF,magpapakain,VBTF
1874,Nandoon|VBTS,Nandoon,VBTS
1875,mapuluputan|VBW,mapuluputan,VBW
1876,kapitbahayan|NNC,kapitbahayan,NNC
1877,nakakabalik|VBTR,nakakabalik,VBTR
1878,mabait|JJD,mabait,JJD
1879,Dahan|CDB,Dahan,CDB
1880,nagnais|VBTS,nagnais,VBTS
1881,ΓÇ¥|PMS,ΓÇ¥,PMS
1882,The|NNP,The,NNP
1883,Iba|PRI,Iba,PRI
1884,makagalaw|VBW,makagalaw,VBW
1885,kaklase|NNC,kaklase,NNC
1886,ilog|NNC,ilog,NNC
1887,Malilinis|VBTF,Malilinis,VBTF
1888,Program|NNP,Program,NNP
1889,bibili|VBTF,bibili,VBTF
1890,lambing|NNC,lambing,NNC
1891,paggapang|NNC_CCP,paggapang,NNC_CCP
1892,nakatakas|VBTS,nakatakas,VBTS
1893,Meron|VBH,Meron,VBH
1894,langgam|NNC,langgam,NNC
1895,nakarating|VBTS,nakarating,VBTS
1896,isa|PRI,isa,PRI
1897,Sumilip|VBAF,Sumilip,VBAF
1898,pansit|JJD,pansit,JJD
1899,nahahawakan|VBTS,nahahawakan,VBTS
1900,nakangiting|RBD_CCP,nakangiting,RBD_CCP
1901,together|FW,together,FW
1902,pinag|VBTR_VBRF,pinag,VBTR_VBRF
1903,pasayan|NNC,pasayan,NNC
1904,hinigaan|VBOF,hinigaan,VBOF
1905,Anong|PRQ_CCP,Anong,PRQ_CCP
1906,tinapay|NNC,tinapay,NNC
1907,nahuli|VBTS,nahuli,VBTS
1908,matakot|VBW,matakot,VBW
1909,atin|PRSP,atin,PRSP
1910,ilong|NNC,ilong,NNC
1911,naghihiwa|VBTS,naghihiwa,VBTS
1912,magugutom|VBTF,magugutom,VBTF
1913,niyakap|VBOF,niyakap,VBOF
1914,daga|NNC,daga,NNC
1915,Bentong|NNC_CCP,Bentong,NNC_CCP
1916,nagkukuwentuhan|VBTS,nagkukuwentuhan,VBTS
1917,kulay|NNC,kulay,NNC
1918,Sasarahan|NNP,Sasarahan,NNP
1919,sigaw|NNC,sigaw,NNC
1920,Madami|PRI,Madami,PRI
1921,Kamayanang|NNC_CCP,Kamayanang,NNC_CCP
1922,Pani|JJD,Pani,JJD
1923,umikot|VBAF,umikot,VBAF
1924,Aalisin|VBTF_VBOF,Aalisin,VBTF_VBOF
1925,silid|NNC,silid,NNC
1926,akong|PRS_CCP,akong,PRS_CCP
1927,maipasok|VBW,maipasok,VBW
1928,pero|CCT,pero,CCT
1929,Nahihirapan|VBTR,Nahihirapan,VBTR
1930,Lisa|NNP,Lisa,NNP
1931,nagtatago|VBTR,nagtatago,VBTR
1932,nakompleto|VBTS,nakompleto,VBTS
1933,hayop|NNC,hayop,NNC
1934,hinihila|VBTR,hinihila,VBTR
1935,ninyong|RBD_CCP,ninyong,RBD_CCP
1936,sumagot|VBAF,sumagot,VBAF
1937,makakalangoy|VBTF,makakalangoy,VBTF
1938,itaas|JJD,itaas,JJD
1939,kinukuha|VBTR,kinukuha,VBTR
1940,umiiyak|VBTR_VBAF,umiiyak,VBTR_VBAF
1941,reviewed|FW,reviewed,FW
1942,Bili|NNP,Bili,NNP
1943,Malalim|JJD,Malalim,JJD
1944,2|CDB,2,CDB
1945,kaming|PRP_CCP,kaming,PRP_CCP
1946,lagi|JJD,lagi,JJD
1947,ginawang|VBTS_CCP,ginawang,VBTS_CCP
1948,iglap|FW,iglap,FW
1949,pinagmamasdan|VBTR_VBRF,pinagmamasdan,VBTR_VBRF
1950,tabing|NNC_CCP,tabing,NNC_CCP
1951,mamingwit|VBW,mamingwit,VBW
1952,rurok|JJD,rurok,JJD
1953,ilang|PRQ_CCP,ilang,PRQ_CCP
1954,Mauubos|VBTF,Mauubos,VBTF
1955,Iriga|NNP,Iriga,NNP
1956,husto|JJD,husto,JJD
1957,kaagad|RBD,kaagad,RBD
1958,hindi|RBF,hindi,RBF
1959,tulungan|VBTF_VBOF,tulungan,VBTF_VBOF
1960,katabing|JJD_CCP,katabing,JJD_CCP
1961,Punta|JJN,Punta,JJN
1962,inakay|VBTS,inakay,VBTS
1963,hawak|NNC,hawak,NNC
1964,paglalakad|NNC,paglalakad,NNC
1965,hinihiwalay|VBTR,hinihiwalay,VBTR
1966,Ayokong|VBS_CCP,Ayokong,VBS_CCP
1967,Ate|NNC,Ate,NNC
1968,larawan|NNC,larawan,NNC
1969,ΓÇÿ|NNC,ΓÇÿ,NNC
1970,nagbabasa|VBTR,nagbabasa,VBTR
1971,tumingin|VBAF,tumingin,VBAF
1972,LEAD|NNPA,LEAD,NNPA
1973,Ningning|NNP,Ningning,NNP
1974,namimilog|VBTR,namimilog,VBTR
1975,ni|DTP,ni,DTP
1976,Sinapaw|NNP,Sinapaw,NNP
1977,binuksan|VBOF,binuksan,VBOF
1978,CoVully|FW,CoVully,FW
1979,magagandang|JJD_CCP,magagandang,JJD_CCP
1980,kuneho|NNC,kuneho,NNC
1981,tuktok|NNC,tuktok,NNC
1982,kalapit|JJD,kalapit,JJD
1983,"""|PMS","""",PMS
1984,matabang|JJD_CCP,matabang,JJD_CCP
1985,apat|JJN,apat,JJN
1986,kainin|VBOF,kainin,VBOF
1987,Bundok|NNP,Bundok,NNP
1988,Paglingon|NNP,Paglingon,NNP
1989,Pagtatanim|NNP,Pagtatanim,NNP
1990,kumuha|VBAF,kumuha,VBAF
1991,Bituon|NNP,Bituon,NNP
1992,gumapang|VBAF,gumapang,VBAF
1993,Napuluputan|VBTR,Napuluputan,VBTR
1994,mabibigyan|VBW,mabibigyan,VBW
1995,Woooosh|NNP,Woooosh,NNP
1996,babalik|VBTF,babalik,VBTF
1997,kailangan|VBS,kailangan,VBS
1998,pagtatrabaho|NNC,pagtatrabaho,NNC
1999,wika|NNC,wika,NNC
2000,Mabuti|JJD,Mabuti,JJD
2001,magiging|VBTF,magiging,VBTF
2002,takot|NNC,takot,NNC
2003,.┬á.┬á.|NNPA,.┬á.┬á.,NNPA
2004,Salamat|RBS,Salamat,RBS
2005,mangingitlog|VBW,mangingitlog,VBW
2006,pumalakpak|VBAF,pumalakpak,VBAF
2007,wakas|RBW,wakas,RBW
2008,sigurado|RBT,sigurado,RBT
2009,Nakabalik|VBTS,Nakabalik,VBTS
2010,by|FW,by,FW
2011,Panay|NNP,Panay,NNP
2012,Foundation|NNP,Foundation,NNP
2013,inyo|PRSP,inyo,PRSP
2014,Bulaklak|NNC,Bulaklak,NNC
2015,lampara|NNC,lampara,NNC
2016,magtotroso|VBW,magtotroso,VBW
2017,Bentong|NNP,Bentong,NNP
2018,Uuwi|NNP,Uuwi,NNP
2019,Mam|NNP,Mam,NNP
2020,namin|PRP,namin,PRP
2021,Nanalangin|VBTR,Nanalangin,VBTR
2022,kinabukasan|RBW,kinabukasan,RBW
2023,Matalino|JJD,Matalino,JJD
2024,Paumanhin|RBS,Paumanhin,RBS
2025,de-bateryang|JJD_CCP,de-bateryang,JJD_CCP
2026,Nag|NNCA,Nag,NNCA
2027,Kaso|CCR,Kaso,CCR
2028,Papelastika|NNP,Papelastika,NNP
2029,nararamdaman|VBTR,nararamdaman,VBTR
2030,magsulat|VBAF,magsulat,VBAF
2031,matulad|VBW,matulad,VBW
2032,nagsisimba|VBTR,nagsisimba,VBTR
2033,ulit|RBW,ulit,RBW
2034,ulam|NNC,ulam,NNC
2035,is|FW,is,FW
2036,maghihirap|VBTF,maghihirap,VBTF
2037,tatlong|JJN_CCP,tatlong,JJN_CCP
2038,pagmasdan|VBW,pagmasdan,VBW
2039,halaman|NNC,halaman,NNC
2040,salawal|NNC,salawal,NNC
2041,Ngayon|RBW,Ngayon,RBW
2042,kaagad|RBW,kaagad,RBW
2043,Kinakabahan|VBTR,Kinakabahan,VBTR
2044,hahanapin|VBTF,hahanapin,VBTF
2045,ano|PRQ,ano,PRQ
2046,Mabilis|RBD,Mabilis,RBD
2047,Tang|NNP,Tang,NNP
2048,Mamaya|RBW,Mamaya,RBW
2049,Sampalok|NNP,Sampalok,NNP
2050,lumapit|VBAF,lumapit,VBAF
2051,paglaki|NNC,paglaki,NNC
2052,uulitin|VBTF,uulitin,VBTF
2053,pinggan|NNC,pinggan,NNC
2054,pinagmasdan|VBRF,pinagmasdan,VBRF
2055,nalampasan|VBTS,nalampasan,VBTS
2056,akin|PRSP,akin,PRSP
2057,pagbagsak|NNC,pagbagsak,NNC
2058,aagaw|FW,aagaw,FW
2059,magdasal|VBW,magdasal,VBW
2060,nagmula|VBTS,nagmula,VBTS
2061,nagtitinda|VBTR,nagtitinda,VBTR
2062,eroplanong|NNC_CCP,eroplanong,NNC_CCP
2063,ngayon|RBW,ngayon,RBW
2064,Anak|NNP,Anak,NNP
2065,nakalagay|VBTS,nakalagay,VBTS
2066,bitbit|NNC,bitbit,NNC
2067,Halos|JJD,Halos,JJD
2068,WAKAS|NNPA,WAKAS,NNPA
2069,Hinihila|VBOF,Hinihila,VBOF
2070,hapon|RBW,hapon,RBW
2071,Pogi|NNP,Pogi,NNP
2072,natumba|VBTS,natumba,VBTS
2073,pagsasama|NNC,pagsasama,NNC
2074,kasagutan|NNC,kasagutan,NNC
2075,libong|NNC_CCP,libong,NNC_CCP
2076,kabibe|NNC,kabibe,NNC
2077,mula|RBL,mula,RBL
2078,silip|NNC,silip,NNC
2079,panahon|NNC,panahon,NNC
2080,kasing|JJC,kasing,JJC
2081,saya|NNC,saya,NNC
2082,backpack|FW,backpack,FW
2083,This|NNP,This,NNP
2084,nawalan|VBTS,nawalan,VBTS
2085,mas|JJCC,mas,JJCC
2086,si|DTP,si,DTP
2087,project|FW,project,FW
2088,ka|PRS,ka,PRS
2089,pinili|VBOF,pinili,VBOF
2090,Edan|NNP,Edan,NNP
2091,Mali|NNP,Mali,NNP
2092,managat|NNC,managat,NNC
2093,was|FW,was,FW
2094,makulay|JJD,makulay,JJD
2095,nagugutom|VBTR,nagugutom,VBTR
2096,Agta|NNP,Agta,NNP
2097,bang|RBI_CCP,bang,RBI_CCP
2098,Nagpatuloy|VBTS,Nagpatuloy,VBTS
2099,Nasundan|VBTS,Nasundan,VBTS
2100,dahoon|NNC,dahoon,NNC
2101,Lumaki|VBAF,Lumaki,VBAF
2102,aral|NNC,aral,NNC
2103,upang|CCB,upang,CCB
2104,mabigat|JJD,mabigat,JJD
2105,mapagbiro|VBW,mapagbiro,VBW
2106,umuwi|VBAF,umuwi,VBAF
2107,International|NNP,International,NNP
2108,Bago|RBW,Bago,RBW
2109,Tatay|NNP,Tatay,NNP
2110,bulungan|NNC,bulungan,NNC
2111,Bigyan|VBOF,Bigyan,VBOF
2112,tora|FW,tora,FW
2113,Makakasama|VBTF,Makakasama,VBTF
2114,papunta|VBW,papunta,VBW
2115,labas|NNC,labas,NNC
2116,lumalapit|VBTR_VBAF,lumalapit,VBTR_VBAF
2117,inilagay|VBTS,inilagay,VBTS
2118,Tinanong|VBTS,Tinanong,VBTS
2119,kahit|CCT,kahit,CCT
2120,habulan|NNC,habulan,NNC
2121,makalangoy|VBW,makalangoy,VBW
2122,bunso|NNC,bunso,NNC
2123,Andito|NNP,Andito,NNP
2124,kinausap|VBOF,kinausap,VBOF
2125,Binuhat|VBTS,Binuhat,VBTS
2126,galaw|NNC,galaw,NNC
2127,paghakbang|NNC,paghakbang,NNC
2128,Pagsikat|VBW,Pagsikat,VBW
2129,nakasakay|VBTS,nakasakay,VBTS
2130,pasamano|NNC,pasamano,NNC
2131,Gumuguho|NNC,Gumuguho,NNC
2132,Dati|RBW,Dati,RBW
2133,magkasama|VBW,magkasama,VBW
2134,ganoon|PRC,ganoon,PRC
2135,Patuloy|RBD,Patuloy,RBD
2136,Pumunta|VBAF,Pumunta,VBAF
2137,Magkantahan|NNP,Magkantahan,NNP
2138,napansin|VBTS,napansin,VBTS
2139,Sabi|VBW,Sabi,VBW
2140,pinapasok|VBTR,pinapasok,VBTR
2141,Tatlong|JJN_CCP,Tatlong,JJN_CCP
2142,sumasalok|VBTR_VBAF,sumasalok,VBTR_VBAF
2143,Isinalaysay|VBTS,Isinalaysay,VBTS
2144,naka|RBD,naka,RBD
2145,matagal|JJD,matagal,JJD
2146,nakikipaglaro|VBTR,nakikipaglaro,VBTR
2147,abala|NNC,abala,NNC
2148,Para|CCT,Para,CCT
2149,laman|NNC,laman,NNC
2150,kong|PRS_CCP,kong,PRS_CCP
2151,sumali|VBAF,sumali,VBAF
2152,ilustrador|NNC,ilustrador,NNC
2153,laruan|NNC,laruan,NNC
2154,karpintero|NNC,karpintero,NNC
2155,natunaw|VBTS,natunaw,VBTS
2156,ginamit|VBOF,ginamit,VBOF
2157,ito|PRO,ito,PRO
2158,ins|FW,ins,FW
2159,naroon|PRL,naroon,PRL
2160,dinukot|VBOF,dinukot,VBOF
2161,Talaga|NNP,Talaga,NNP
2162,Puwede|RBT,Puwede,RBT
2163,apoy|NNC,apoy,NNC
2164,bakit|PRQ,bakit,PRQ
2165,nagsusunog|VBTR,nagsusunog,VBTR
2166,bunging|NNC_CCP,bunging,NNC_CCP
2167,patungo|RBL,patungo,RBL
2168,labi|NNC,labi,NNC
2169,nagustuhan|VBTS,nagustuhan,VBTS
2170,palaka|NNC,palaka,NNC
2171,meron|VBH,meron,VBH
2172,doon|PRL,doon,PRL
2173,salubungin|VBOF,salubungin,VBOF
2174,sinabi|VBTS,sinabi,VBTS
2175,nakaharang|JJD,nakaharang,JJD
2176,bukas|JJD,bukas,JJD
2177,Sumimangot|NNP,Sumimangot,NNP
2178,tabing|NNC,tabing,NNC
2179,dumiretso|VBAF,dumiretso,VBAF
2180,rolyo|NNC,rolyo,NNC
2181,nakabalik|VBTS,nakabalik,VBTS
2182,mismo|RBT,mismo,RBT
2183,Sumilip|NNP,Sumilip,NNP
2184,sagana|NNC,sagana,NNC
2185,Tuturuan|RBW,Tuturuan,RBW
2186,Ayun|NNP,Ayun,NNP
2187,itong|PRO_CCP,itong,PRO_CCP
2188,'|PMS,',PMS
2189,isinasama|VBTR,isinasama,VBTR
2190,Hintayin|VBOF,Hintayin,VBOF
2191,ring|RBI_CCP,ring,RBI_CCP
2192,pinagkainan|VBRF,pinagkainan,VBRF
2193,maerong|JJD_CCP,maerong,JJD_CCP
2194,kamusta|NNC,kamusta,NNC
2195,Tumahimik|NNP,Tumahimik,NNP
2196,!|PMS,!,PMS
2197,Nay|NNC,Nay,NNC
2198,Magaling|JJD,Magaling,JJD
2199,lakas|NNC,lakas,NNC
2200,Oras|NNP,Oras,NNP
2201,iyong|PRO_CCP,iyong,PRO_CCP
2202,agimat|NNC,agimat,NNC
2203,namangha|VBTS,namangha,VBTS
2204,Mam|NNCA,Mam,NNCA
2205,mayroong|VBH_CCP,mayroong,VBH_CCP
2206,makarating|VBW,makarating,VBW
2207,Maglalaro|VBTF,Maglalaro,VBTF
2208,bata|NNC,bata,NNC
2209,kanang|JJD_CCP,kanang,JJD_CCP
2210,NonCommercial|NNP,NonCommercial,NNP
2211,Mikoy|NNP,Mikoy,NNP
2212,ihip|NNC,ihip,NNC
2213,yakap|NNC,yakap,NNC
2214,madaling|JJD_CCP,madaling,JJD_CCP
2215,presko|JJD,presko,JJD
2216,nakakalat|VBTR,nakakalat,VBTR
2217,Masama|JJD,Masama,JJD
2218,Hininga|NNP,Hininga,NNP
2219,naanod|VBTS,naanod,VBTS
2220,magwagi|VBW,magwagi,VBW
2221,ninakaw|VBTS,ninakaw,VBTS
2222,maaasahan|VBTF,maaasahan,VBTF
2223,pinapakita|VBTR,pinapakita,VBTR
2224,sitsirya|NNC,sitsirya,NNC
2225,?|PMQ,?,PMQ
2226,dinadala|VBTR,dinadala,VBTR
2227,tigre|NNC,tigre,NNC
2228,Iihi|JJD,Iihi,JJD
2229,Hugasan|NNP,Hugasan,NNP
2230,Ate|NNP,Ate,NNP
2231,balisang|VBOF_CCP,balisang,VBOF_CCP
2232,lumalawak|VBTR_VBAF,lumalawak,VBTR_VBAF
2233,malalaking|JJD_CCP,malalaking,JJD_CCP
2234,Tanggalin|VBOF,Tanggalin,VBOF
2235,upuan|NNC,upuan,NNC
2236,dinidilaan|VBTR,dinidilaan,VBTR
2237,talaga|RBT,talaga,RBT
2238,sayo|PRSP,sayo,PRSP
2239,tumango|VBAF,tumango,VBAF
2240,kung|CCR,kung,CCR
2241,alisto|JJD,alisto,JJD
2242,harap|NNC,harap,NNC
2243,makuha|VBW,makuha,VBW
2244,Angkop|NNP,Angkop,NNP
2245,panloloko|NNC,panloloko,NNC
2246,sumayaw|VBAF,sumayaw,VBAF
2247,paitaas|RBD,paitaas,RBD
2248,susundin|VBTF,susundin,VBTF
2249,Ilabas|VBOF,Ilabas,VBOF
2250,pugad|NNC,pugad,NNC
2251,nanaginip|VBTR,nanaginip,VBTR
2252,salamat|RBS,salamat,RBS
2253,pananim|NNC,pananim,NNC
2254,karakter|NNC,karakter,NNC
2255,in|NNP,in,NNP
2256,Uy|NNP,Uy,NNP
2257,mainip|VBW,mainip,VBW
2258,hahawakan|VBTF,hahawakan,VBTF
2259,Sinisilip|VBTR,Sinisilip,VBTR
2260,Bilang|CCT,Bilang,CCT
2261,ani|NNC,ani,NNC
2262,simbahan|NNC,simbahan,NNC
2263,Ma|NNC,Ma,NNC
2264,Sasama|VBTF,Sasama,VBTF
2265,batuan|NNC,batuan,NNC
2266,sobra|JJCS,sobra,JJCS
2267,Mamamangka|NNP,Mamamangka,NNP
2268,Pinaikot|VBOF,Pinaikot,VBOF
2269,barko|NNC,barko,NNC
2270,pababa|RBD,pababa,RBD
2271,mabilis|RBD,mabilis,RBD
2272,puntahan|VBOF,puntahan,VBOF
2273,tumabakbo|VBAF,tumabakbo,VBAF
2274,Huwag|RBF,Huwag,RBF
2275,dinala|VBTS,dinala,VBTS
2276,Magpahinga|VBW,Magpahinga,VBW
2277,sabon|NNC,sabon,NNC
2278,aray|FW,aray,FW
2279,nitong|PRO_CCP,nitong,PRO_CCP
2280,nararanasan|VBTR,nararanasan,VBTR
2281,batang|JJD_CCP,batang,JJD_CCP
2282,matatanda|NNC,matatanda,NNC
2283,nanghina|VBTS,nanghina,VBTS
2284,init|NNC,init,NNC
2285,malabasan|VBW,malabasan,VBW
2286,pagbalik|VBW,pagbalik,VBW
2287,tatawag|VBTF,tatawag,VBTF
2288,T|NNPA,T,NNPA
2289,pinakaitaas|JJCS_JJD,pinakaitaas,JJCS_JJD
2290,V|CDB,V,CDB
2291,kanta|NNC,kanta,NNC
2292,naiiyak|VBTR,naiiyak,VBTR
2293,uwi|NNCA,uwi,NNCA
2294,bukid|NNC,bukid,NNC
2295,mangyari|VBW,mangyari,VBW
2296,Malakas|JJD,Malakas,JJD
2297,malaki|JJD,malaki,JJD
2298,gusto|VBS,gusto,VBS
2299,Gawin|VBOF,Gawin,VBOF
2300,mabura|VBW,mabura,VBW
2301,humingi|VBAF,humingi,VBAF
2302,tsok|NNC,tsok,NNC
2303,magkaibigan|NNC,magkaibigan,NNC
2304,Well|FW,Well,FW
2305,nadaanan|VBTS,nadaanan,VBTS
2306,nasugatan|VBTS,nasugatan,VBTS
2307,lalaking|NNC_CCP,lalaking,NNC_CCP
2308,Resources|NNP,Resources,NNP
2309,katandaan|NNC,katandaan,NNC
2310,Po|NNP,Po,NNP
2311,iyon|PRO,iyon,PRO
2312,magtanong|VBW,magtanong,VBW
2313,Ako|PRS,Ako,PRS
2314,virus|FW,virus,FW
2315,lipat|FW,lipat,FW
2316,of|FW,of,FW
2317,Ibalik|VBOF,Ibalik,VBOF
2318,Setyembre|NNP,Setyembre,NNP
2319,likod|JJD,likod,JJD
2320,hugasan|VBOF,hugasan,VBOF
2321,pagkauhaw|NNC,pagkauhaw,NNC
2322,pinagkakaabalahan|VBTR_VBRF,pinagkakaabalahan,VBTR_VBRF
2323,Gabay|NNC,Gabay,NNC
2324,niya|PRS,niya,PRS
2325,lumitaw|VBAF,lumitaw,VBAF
2326,hawak|JJD,hawak,JJD
2327,(|PMS,(,PMS
2328,malakas|JJD,malakas,JJD
2329,hukay|NNC,hukay,NNC
2330,Pinasok|VBOF,Pinasok,VBOF
2331,30|CDB,30,CDB
2332,oyayi|NNC,oyayi,NNC
2333,bang|RBM,bang,RBM
2334,mula|RBW,mula,RBW
2335,drowing|FW,drowing,FW
2336,lubusang|RBD_CCP,lubusang,RBD_CCP
2337,ingat|NNC,ingat,NNC
2338,tag|FW,tag,FW
2339,gumuguhong|VBTR_VBAF_CCP,gumuguhong,VBTR_VBAF_CCP
2340,pinuntahan|VBOF,pinuntahan,VBOF
2341,Lani|NNP,Lani,NNP
2342,Dahil|CCR,Dahil,CCR
2343,mo|PRS,mo,PRS
2344,una|CDB,una,CDB
2345,iniuwi|VBTS,iniuwi,VBTS
2346,lumang|JJD_CCP,lumang,JJD_CCP
2347,iwan|VBOF,iwan,VBOF
2348,nakatatakot|JJD,nakatatakot,JJD
2349,maghuhukay|VBTF_VBAF,maghuhukay,VBTF_VBAF
2350,kinadidikitan|VBOF,kinadidikitan,VBOF
2351,Sige|NNP,Sige,NNP
2352,Ano|PRQ,Ano,PRQ
2353,nakapalibot|VBTS,nakapalibot,VBTS
2354,mabuting|JJD_CCP,mabuting,JJD_CCP
2355,pinakamasipag|JJCS_JJD,pinakamasipag,JJCS_JJD
2356,mukha|NNC,mukha,NNC
2357,Papa|NNP,Papa,NNP
2358,patay|NNC,patay,NNC
2359,Nagustuhan|VBTS,Nagustuhan,VBTS
2360,Naghihintay|VBTR,Naghihintay,VBTR
2361,Winawagayway|VBTR,Winawagayway,VBTR
2362,book|FW,book,FW
2363,pagbalik|NNC,pagbalik,NNC
2364,Sinabihan|VBTS,Sinabihan,VBTS
2365,umiyak|VBAF,umiyak,VBAF
2366,laban|NNC,laban,NNC
2367,Ping|NNC,Ping,NNC
2368,donut|NNC,donut,NNC
2369,Muntik|JJD,Muntik,JJD
2370,singko|NNC,singko,NNC
2371,tinadtad|VBOF,tinadtad,VBOF
2372,Iyan|NNC,Iyan,NNC
2373,ice|FW,ice,FW
2374,ha|NNCA,ha,NNCA
2375,balde|JJD,balde,JJD
2376,pagputol|NNC,pagputol,NNC
2377,Langoy|NNP,Langoy,NNP
2378,pinto|NNC,pinto,NNC
2379,Sasagot|JJD,Sasagot,JJD
2380,balik|NNC,balik,NNC
2381,bitag|NNC,bitag,NNC
2382,maghihintay|VBTF,maghihintay,VBTF
2383,gagamitin|VBTF,gagamitin,VBTF
2384,gabayan|VBOF,gabayan,VBOF
2385,malay|NNC,malay,NNC
2386,Hmmm|FW,Hmmm,FW
2387,Napisa|NNP,Napisa,NNP
2388,sabihin|VBOF,sabihin,VBOF
2389,8|CDB,8,CDB
2390,ayon|RBR,ayon,RBR
2391,paghihintay|NNC,paghihintay,NNC
2392,Bakunawa|NNP,Bakunawa,NNP
2393,Ha|NNCA,Ha,NNCA
2394,nagising|VBTS,nagising,VBTS
2395,malungkot|JJD,malungkot,JJD
2396,Nawalan|VBTS,Nawalan,VBTS
2397,binabad|VBOF,binabad,VBOF
2398,anyaya|NNC,anyaya,NNC
2399,paalis|JJD,paalis,JJD
2400,Karamiha|NNP,Karamiha,NNP
2401,-19|CDB,-19,CDB
2402,nakatingin|RBD,nakatingin,RBD
2403,ibinebenta|VBTR,ibinebenta,VBTR
2404,ganito|PRC,ganito,PRC
2405,Nagpahangin|VBTS,Nagpahangin,VBTS
2406,Biyernes|NNP,Biyernes,NNP
2407,tuwing|RBW,tuwing,RBW
2408,nabiglang|RBD_CCP,nabiglang,RBD_CCP
2409,buong|PRI_CCP,buong,PRI_CCP
2410,Palumban|NNP,Palumban,NNP
2411,Tatay|NNC,Tatay,NNC
2412,uumpisa|NNC,uumpisa,NNC
2413,alok|NNC,alok,NNC
2414,pikadilyong|NNC_CCP,pikadilyong,NNC_CCP
2415,Sumosobra|JJCS,Sumosobra,JJCS
2416,Filipino|NNP,Filipino,NNP
2417,nakita|VBTS,nakita,VBTS
2418,Kamayanan|NNC,Kamayanan,NNC
2419,mayroon|VBH,mayroon,VBH
2420,Diyos|NNP,Diyos,NNP
2421,lalaki|NNC,lalaki,NNC
2422,daw|RBI,daw,RBI
2423,pinsan|NNC,pinsan,NNC
2424,Opo|NNC,Opo,NNC
2425,hamog|NNC,hamog,NNC
2426,plato|NNC,plato,NNC
2427,Tiyo|NNP,Tiyo,NNP
2428,puwedeng|RBT_CCP,puwedeng,RBT_CCP
2429,bumaba|VBAF,bumaba,VBAF
2430,Ben|NNP,Ben,NNP
2431,dinilig|VBTS,dinilig,VBTS
2432,ginawa|VBOF,ginawa,VBOF
2433,Pagpasok|NNC,Pagpasok,NNC
2434,Anopol|NNP,Anopol,NNP
2435,Attribution|NNP,Attribution,NNP
2436,nanonood|VBTR,nanonood,VBTR
2437,isdang|NNC_CCP,isdang,NNC_CCP
2438,Education|NNP,Education,NNP
2439,Nabitawan|VBTS,Nabitawan,VBTS
2440,nakangiti|JJD,nakangiti,JJD
2441,g|NNCA,g,NNCA
2442,nakuha|VBTS,nakuha,VBTS
2443,eskwelahan|NNC,eskwelahan,NNC
2444,mistulang|RBM,mistulang,RBM
2445,tumahimik|VBAF,tumahimik,VBAF
2446,Wooosh|NNP,Wooosh,NNP
2447,maghanap|VBW,maghanap,VBW
2448,pagtulong|NNC,pagtulong,NNC
2449,ikonekta|VBOF,ikonekta,VBOF
2450,Magkakaibigan|VBTF,Magkakaibigan,VBTF
2451,malanta|VBW,malanta,VBW
2452,Si|DTP,Si,DTP
2453,Pupunta|VBTF,Pupunta,VBTF
2454,mabili|VBW,mabili,VBW
2455,Pauwi|NNP,Pauwi,NNP
2456,multong|NNC_CCP,multong,NNC_CCP
2457,maliksing|JJD_CCP,maliksing,JJD_CCP
2458,o|CCT,o,CCT
2459,Umang|NNP,Umang,NNP
2460,bulsa|NNC,bulsa,NNC
2461,huwag|RBF,huwag,RBF
2462,Nag|NNP,Nag,NNP
2463,kundi|CCT,kundi,CCT
2464,Masaya|NNP,Masaya,NNP
2465,yata|RBM,yata,RBM
2466,lumalagabog|VBTR_VBAF,lumalagabog,VBTR_VBAF
2467,tuluyan|RBD,tuluyan,RBD
2468,Itali|NNP,Itali,NNP
2469,liwanang|NNC_CCP,liwanang,NNC_CCP
2470,Lumangoy|VBAF,Lumangoy,VBAF
2471,pato|NNC,pato,NNC
2472,pwedeng|RBT_CCP,pwedeng,RBT_CCP
2473,TAF|NNPA,TAF,NNPA
2474,Magaan|JJD,Magaan,JJD
2475,Napakalas|NNP,Napakalas,NNP
2476,madami|PRI,madami,PRI
2477,Kinusot|NNP,Kinusot,NNP
2478,salamin|NNC,salamin,NNC
2479,binucao|FW,binucao,FW
2480,matulin|JJD,matulin,JJD
2481,upo|NNC,upo,NNC
2482,daan|NNC,daan,NNC
2483,Nawawalan|VBTR,Nawawalan,VBTR
2484,aking|PRSP_CCP,aking,PRSP_CCP
2485,pareho|JJC,pareho,JJC
2486,Paborito|RBD,Paborito,RBD
2487,Sssss|NNP,Sssss,NNP
2488,Hinila|VBOF,Hinila,VBOF
2489,kaibigan|NNC,kaibigan,NNC
2490,karatig|JJD,karatig,JJD
2491,Ididikit|VBOF,Ididikit,VBOF
2492,kuwarto|NNC,kuwarto,NNC
2493,Kawawa|JJD,Kawawa,JJD
2494,papa|NNC,papa,NNC
2495,ba|RBI,ba,RBI
2496,Lumulundag|VBTR,Lumulundag,VBTR
2497,Kinain|VBOF,Kinain,VBOF
2498,inilagay|VBOF,inilagay,VBOF
2499,Kung|CCR,Kung,CCR
2500,)|PMS,),PMS
2501,tuka|NNC,tuka,NNC
2502,pandemic|FW,pandemic,FW
2503,Lahat|PRI,Lahat,PRI
2504,unting|FW,unting,FW
2505,gagawing|VBTF_CCP,gagawing,VBTF_CCP
2506,Nanay|NNC,Nanay,NNC
2507,magkapatid|NNC,magkapatid,NNC
2508,maayos|JJD,maayos,JJD
2509,liksi|FW,liksi,FW
2510,0|CDB,0,CDB
2511,mabunggo|JJD,mabunggo,JJD
2512,gate|FW,gate,FW
2513,bati|VBS,bati,VBS
2514,sandali|RBW,sandali,RBW
2515,huni|NNC,huni,NNC
2516,garapon|NNC,garapon,NNC
2517,rito|PRL,rito,PRL
2518,pasamahin|VBOF,pasamahin,VBOF
2519,sarili|NNC,sarili,NNC
2520,Ginulat|VBTS,Ginulat,VBTS
2521,kapag|RBK,kapag,RBK
2522,ibabalik|VBTF,ibabalik,VBTF
2523,mamatay|VBW,mamatay,VBW
2524,abutan|VBOF,abutan,VBOF
2525,matulungan|VBW,matulungan,VBW
2526,sakit|NNC,sakit,NNC
2527,Iyan|PRS,Iyan,PRS
2528,Kamayanan|NNP,Kamayanan,NNP
2529,bahay|NNC,bahay,NNC
2530,kayo|PRP,kayo,PRP
2531,galit|NNC,galit,NNC
2532,Niloko|NNP,Niloko,NNP
2533,Olin|NNP,Olin,NNP
2534,Hinahagis|NNP,Hinahagis,NNP
2535,nakatingala|VBTS,nakatingala,VBTS
2536,+|PMS,+,PMS
2537,tabing|FW,tabing,FW
2538,Nakasandal|RBD,Nakasandal,RBD
2539,ama|NNC,ama,NNC
2540,maghahanap|VBTF_VBAF,maghahanap,VBTF_VBAF
2541,Tumawag|VBAF,Tumawag,VBAF
2542,lumaki|VBAF,lumaki,VBAF
2543,bumangon|VBAF,bumangon,VBAF
2544,magaganda|JJD,magaganda,JJD
2545,Dali|JJD,Dali,JJD
2546,kinagat|VBOF,kinagat,VBOF
2547,isang|PRI_CCP,isang,PRI_CCP
2548,pahilaga|JJD,pahilaga,JJD
2549,Tinulungan|VBOF,Tinulungan,VBOF
2550,Wooooosh|NNP,Wooooosh,NNP
2551,Miyerkoles|NNP,Miyerkoles,NNP
2552,nakilala|VBTS,nakilala,VBTS
2553,kakambal|NNC,kakambal,NNC
2554,masaktan|VBW,masaktan,VBW
2555,Sara|NNP,Sara,NNP
2556,Binigyan|VBOF,Binigyan,VBOF
2557,espesyal|JJD,espesyal,JJD
2558,Payapang|NNP_CCP,Payapang,NNP_CCP
2559,nakatingin|VBTS,nakatingin,VBTS
2560,hinabol|VBOF,hinabol,VBOF
2561,makita|VBW,makita,VBW
2562,sila|PRP,sila,PRP
2563,pagmamakaawa|NNC,pagmamakaawa,NNC
2564,pwede|VBS,pwede,VBS
2565,ΓÇ¥|CDB,ΓÇ¥,CDB
2566,Dahan|NNP,Dahan,NNP
2567,naoobserbahan|VBTR,naoobserbahan,VBTR
2568,kalamidad|NNC,kalamidad,NNC
2569,nagpakita|VBTS,nagpakita,VBTS
2570,tagpiin|NNC,tagpiin,NNC
2571,Bureau|NNP,Bureau,NNP
2572,nagbobomba|VBTR,nagbobomba,VBTR
2573,kasunod|JJD,kasunod,JJD
2574,Magandang|VBOF_CCP,Magandang,VBOF_CCP
2575,kabayo|NNC,kabayo,NNC
2576,makakausap|VBW,makakausap,VBW
2577,Pinatulog|VBTS,Pinatulog,VBTS
2578,Ididikit|NNP,Ididikit,NNP
2579,nangako|VBTS,nangako,VBTS
2580,taka|NNC,taka,NNC
2581,Mukhang|RBM,Mukhang,RBM
2582,Muning|FW,Muning,FW
2583,dinaanan|VBTR,dinaanan,VBTR
2584,umang|VBAF_CCP,umang,VBAF_CCP
2585,nalang|RBD_CCP,nalang,RBD_CCP
2586,pakiusap|NNC,pakiusap,NNC
2587,natitira|VBTR,natitira,VBTR
2588,langit|NNC,langit,NNC
2589,noooo|FW,noooo,FW
2590,Kinuha|VBOF,Kinuha,VBOF
2591,lawa|NNC,lawa,NNC
2592,ipanlalaba|VBTR,ipanlalaba,VBTR
2593,Lola|NNC,Lola,NNC
2594,Nagsimulang|VBTS_CCP,Nagsimulang,VBTS_CCP
2595,anak|NNC,anak,NNC
2596,dagdag|JJD,dagdag,JJD
2597,nais|VBS,nais,VBS
2598,nagpasya|VBTS,nagpasya,VBTS
2599,DepEd|FW,DepEd,FW
2600,Nakatulog|VBTS,Nakatulog,VBTS
2601,makiusap|VBW,makiusap,VBW
2602,talo|NNC,talo,NNC
2603,biko|JJD,biko,JJD
2604,Gumagapang|NNP_CCP,Gumagapang,NNP_CCP
2605,siyudad|NNC,siyudad,NNC
2606,Nabalitaan|VBTR,Nabalitaan,VBTR
2607,C.|NNPA,C.,NNPA
2608,mabuti|RBD,mabuti,RBD
2609,Tapos|RBW,Tapos,RBW
2610,Magdodrowing|NNP,Magdodrowing,NNP
2611,Region|NNP,Region,NNP
2612,4|CDB,4,CDB
2613,hulihin|VBOF,hulihin,VBOF
2614,Nakayukong|JJD_CCP,Nakayukong,JJD_CCP
2615,nagpapalakas|VBTR,nagpapalakas,VBTR
2616,naisip|VBTS,naisip,VBTS
2617,libu|FW,libu,FW
2618,tinaong|VBTS,tinaong,VBTS
2619,lumiliwanag|VBTR_VBAF,lumiliwanag,VBTR_VBAF
2620,Curriculum|NNP,Curriculum,NNP
2621,kukuha|VBTF,kukuha,VBTF
2622,Section|NNP,Section,NNP
2623,Regalo|NNP,Regalo,NNP
2624,tuyot|JJD,tuyot,JJD
2625,dahil|CCR,dahil,CCR
2626,Dumating|VBAF,Dumating,VBAF
2627,miss|NNC,miss,NNC
2628,pahayag|NNC,pahayag,NNC
2629,basta|CCT,basta,CCT
2630,1|CDB,1,CDB
2631,Naniniwala|VBTR,Naniniwala,VBTR
2632,Napatigil|VBTS,Napatigil,VBTS
2633,tinatanaw|VBTR,tinatanaw,VBTR
2634,Hmmm|NNP,Hmmm,NNP
2635,naghugas|VBTS,naghugas,VBTS
2636,hatid|JJD,hatid,JJD
2637,marunong|JJD,marunong,JJD
2638,Umikot|NNP,Umikot,NNP
2639,Ibabalik|VBTF,Ibabalik,VBTF
2640,nagsulputan|VBTR,nagsulputan,VBTR
2641,mataas|JJD,mataas,JJD
2642,namimingwit|VBTR,namimingwit,VBTR
2643,Sabi|VBS,Sabi,VBS
2644,Nagsiksikan|VBTR,Nagsiksikan,VBTR
2645,pagulong|NNC,pagulong,NNC
2646,tulala|JJD,tulala,JJD
2647,naghahabulan|VBTR,naghahabulan,VBTR
2648,pampang|NNC,pampang,NNC
2649,munting|JJD_CCP,munting,JJD_CCP
2650,hantik|NNC,hantik,NNC
2651,asan|NNC,asan,NNC
2652,ikaw|PRS,ikaw,PRS
2653,Kahit|CCT,Kahit,CCT
2654,tilapya|NNC,tilapya,NNC
2655,aanod|FW,aanod,FW
2656,pauwi|NNC,pauwi,NNC
2657,Ayaw|RBF,Ayaw,RBF
2658,hingin|VBOF,hingin,VBOF
2659,Muning|NNP,Muning,NNP
2660,naisipan|VBTS,naisipan,VBTS
2661,nagtagal|VBTS,nagtagal,VBTS
2662,Sherlock|NNP,Sherlock,NNP
2663,nananahan|VBTR,nananahan,VBTR
2664,kakailanganin|VBTF,kakailanganin,VBTF
2665,Microcarpa|NNP,Microcarpa,NNP
2666,paibabaw|JJD,paibabaw,JJD
2667,Tulong|NNC,Tulong,NNC
2668,sinusundan|VBTR,sinusundan,VBTR
2669,magpapabili|VBTF,magpapabili,VBTF
2670,Ganyan|NNP,Ganyan,NNP
2671,Lilly|NNP,Lilly,NNP
2672,lola|NNC,lola,NNC
2673,kumakamot|VBTR_VBAF,kumakamot,VBTR_VBAF
2674,Magkapatid|JJD,Magkapatid,JJD
2675,naghihintay|VBTR,naghihintay,VBTR
2676,Ayusin|VBOF,Ayusin,VBOF
2677,yong|PRO_CCP,yong,PRO_CCP
2678,uminit|VBAF,uminit,VBAF
2679,sobrang|JJCS_CCP,sobrang,JJCS_CCP
2680,Walang|VBN_CCP,Walang,VBN_CCP
2681,kamay|NNC,kamay,NNC
2682,maghuhugas|VBW,maghuhugas,VBW
2683,lamang|RBI,lamang,RBI
2684,Ay|RBF,Ay,RBF
2685,baka|NNC,baka,NNC
2686,Iminulat|VBTS,Iminulat,VBTS
2687,pinilit|RBD,pinilit,RBD
2688,mapula|JJD,mapula,JJD
2689,ding|RBI_CCP,ding,RBI_CCP
2690,tingnan|VBOF,tingnan,VBOF
2691,kumawala|VBAF,kumawala,VBAF
2692,minsanan|RBW,minsanan,RBW
2693,Cinderella|NNP,Cinderella,NNP
2694,Titay|NNC,Titay,NNC
2695,nagpahinga|VBTS,nagpahinga,VBTS
2696,isda|NNC,isda,NNC
2697,kaunti|PRI,kaunti,PRI
2698,Talasalitaan|NNP,Talasalitaan,NNP
2699,kagubatan|NNC,kagubatan,NNC
2700,Niyakap|VBTS,Niyakap,VBTS
2701,bigla|JJD,bigla,JJD
2702,Nay|CDB,Nay,CDB
2703,aaral|NNC,aaral,NNC
2704,matuyo|RBD,matuyo,RBD
2705,ako|PRS,ako,PRS
2706,Pakakita|VBTS,Pakakita,VBTS
2707,May|VBH,May,VBH
2708,dinuduyan|VBTR,dinuduyan,VBTR
2709,Mararamdaman|VBTF,Mararamdaman,VBTF
2710,sumama|VBAF,sumama,VBAF
2711,okasyon|NNC,okasyon,NNC
2712,alam|VBS,alam,VBS
2713,Agtang|PRQ_CCP,Agtang,PRQ_CCP
2714,gulay|NNC,gulay,NNC
2715,liksi|NNC,liksi,NNC
2716,umang|VBS,umang,VBS
2717,ΓÇª|FW,ΓÇª,FW
2718,paglangoy|VBW,paglangoy,VBW
2719,Humawak|VBAF,Humawak,VBAF
2720,O|NNPA,O,NNPA
2721,nag|FW,nag,FW
2722,nagkalat|VBTS,nagkalat,VBTS
2723,ΓÇ¥|NNC,ΓÇ¥,NNC
2724,Naglalaba|VBTS,Naglalaba,VBTS
2725,kunin|VBOF,kunin,VBOF
2726,Mt.|NNPA,Mt.,NNPA
2727,Makakabili|VBTF,Makakabili,VBTF
2728,bumabalik|VBTR_VBAF,bumabalik,VBTR_VBAF
2729,umalis|VBTS_VBAF,umalis,VBTS_VBAF
2730,Inakyat|VBTS,Inakyat,VBTS
2731,Hello|NNC,Hello,NNC
2732,mata|NNC,mata,NNC
2733,Apat|JJN,Apat,JJN
2734,Natapos|VBTS,Natapos,VBTS
2735,baguhin|VBOF,baguhin,VBOF
2736,alalahanin|NNC,alalahanin,NNC
2737,tulad|JJC,tulad,JJC
2738,Inaayos|VBTR,Inaayos,VBTR
2739,Patuloy|JJD,Patuloy,JJD
2740,nakangiting|VBTR_CCP,nakangiting,VBTR_CCP
2741,akala|VBS,akala,VBS
2742,Ganiyan|NNP,Ganiyan,NNP
2743,Balabaw|NNC,Balabaw,NNC
2744,mabuti|JJD,mabuti,JJD
2745,iginuhit|VBTF,iginuhit,VBTF
2746,binubunot|VBTR,binubunot,VBTR
2747,namang|RBI_CCP,namang,RBI_CCP
2748,madamong|JJD_CCP,madamong,JJD_CCP
2749,nangingitlog|VBTR,nangingitlog,VBTR
2750,patay|JJD,patay,JJD
2751,butas|NNC,butas,NNC
2752,uod|NNC,uod,NNC
2753,paunahan|RBD,paunahan,RBD
2754,na|CCP,na,CCP
2755,Lumabas|VBAF,Lumabas,VBAF
2756,Pasilip|NNP,Pasilip,NNP
2757,pabalik|VBW,pabalik,VBW
2758,ibang|PRI_CCP,ibang,PRI_CCP
2759,damit|NNC,damit,NNC
2760,magkakaibigan|VBTF,magkakaibigan,VBTF
2761,mahika|JJD,mahika,JJD
2762,partnership|FW,partnership,FW
2763,masipag|JJD,masipag,JJD
2764,Ay|FW,Ay,FW
2765,Tinuka|VBOF,Tinuka,VBOF
2766,matauhan|VBW,matauhan,VBW
2767,Susundin|VBTF,Susundin,VBTF
2768,namanhid|VBTS,namanhid,VBTS
2769,paslit|NNC,paslit,NNC
2770,boses|NNC,boses,NNC
2771,paano|PRQ,paano,PRQ
2772,kaliwa|JJD,kaliwa,JJD
2773,Lumapit|VBAF,Lumapit,VBAF
2774,po|RBS,po,RBS
2775,batis|NNC,batis,NNC
2776,umawit|VBAF,umawit,VBAF
2777,batang|NNC_CCP,batang,NNC_CCP
2778,Kulay|JJD,Kulay,JJD
2779,masarap|JJD,masarap,JJD
2780,lisanin|VBOF,lisanin,VBOF
2781,hinampas|VBTS,hinampas,VBTS
2782,Mag|NNCA,Mag,NNCA
2783,Aray|NNP,Aray,NNP
2784,naghanda|VBTS,naghanda,VBTS
2785,sinalubong|VBTS,sinalubong,VBTS
2786,Maggy|NNP,Maggy,NNP
2787,niyang|PRS_CCP,niyang,PRS_CCP
2788,Roxas|NNP,Roxas,NNP
2789,nandoon|RBL,nandoon,RBL
2790,Maya|NNP,Maya,NNP
2791,Ngingiti|NNP,Ngingiti,NNP
2792,agad|RBD,agad,RBD
2793,Umupo|VBAF,Umupo,VBAF
